id,city,player_of_match,venue,neutral_venue,team1,team2,toss_winner,toss_decision,winner,result,result_margin,eliminator,method,umpire1,umpire2
335999,Hyderabad,SE Marsh,"Rajiv Gandhi International Stadium, Uppal",0,Deccan Chargers,Kings XI Punjab,Kings XI Punjab,field,Kings XI Punjab,wickets,7,N,NA,BR Doctrove,RB Tiffin
336000,Jaipur,SA Asnodkar,Sawai Mansingh Stadium,0,Rajasthan Royals,Kolkata Knight Riders,Rajasthan Royals,bat,Rajasthan Royals,runs,45,N,NA,RE Koertzen,GA Pratapkumar
336001,Chennai,V Sehwag,"MA Chidambaram Stadium, Chepauk",0,Chennai Super Kings,Delhi Capitals ,Chennai Super Kings,bat,Delhi Capitals ,wickets,8,N,NA,BF Bowden,K Hariharan
336003,Chandigarh,IK Pathan,"Punjab Cricket Association Stadium, Mohali",0,Kings XI Punjab,Kolkata Knight Riders,Kings XI Punjab,bat,Kings XI Punjab,runs,9,N,NA,DJ Harper,I Shivram
336004,Mumbai,SM Pollock,Dr DY Patil Sports Academy,0,Mumbai Indians,Delhi Capitals ,Delhi Capitals ,field,Mumbai Indians,runs,29,N,NA,IL Howell,RE Koertzen
336005,Jaipur,Sohail Tanvir,Sawai Mansingh Stadium,0,Rajasthan Royals,Chennai Super Kings,Chennai Super Kings,bat,Rajasthan Royals,wickets,8,N,NA,Asad Rauf,AV Jayaprakash
336006,Bangalore,S Sreesanth,M Chinnaswamy Stadium,0,Royal Challengers Bangalore,Kings XI Punjab,Kings XI Punjab,field,Kings XI Punjab,wickets,6,N,NA,SJ Davis,BR Doctrove
336007,Chennai,AC Gilchrist,"MA Chidambaram Stadium, Chepauk",0,Chennai Super Kings,Deccan Chargers,Deccan Chargers,field,Deccan Chargers,wickets,7,N,NA,MR Benson,RB Tiffin
336008,Mumbai,A Nehra,Dr DY Patil Sports Academy,0,Mumbai Indians,Rajasthan Royals,Mumbai Indians,field,Mumbai Indians,wickets,7,N,NA,DJ Harper,RE Koertzen
336009,Delhi,MS Dhoni,Feroz Shah Kotla,0,Delhi Capitals ,Chennai Super Kings,Chennai Super Kings,field,Chennai Super Kings,wickets,4,N,NA,Aleem Dar,RB Tiffin
336010,Kolkata,SC Ganguly,Eden Gardens,0,Kolkata Knight Riders,Royal Challengers Bangalore,Kolkata Knight Riders,bat,Kolkata Knight Riders,runs,5,N,NA,Asad Rauf,IL Howell
336011,Jaipur,YK Pathan,Sawai Mansingh Stadium,0,Rajasthan Royals,Deccan Chargers,Rajasthan Royals,field,Rajasthan Royals,wickets,8,N,NA,MR Benson,AM Saheba
336034,Bangalore,P Kumar,M Chinnaswamy Stadium,0,Royal Challengers Bangalore,Deccan Chargers,Deccan Chargers,field,Royal Challengers Bangalore,runs,3,N,NA,BR Doctrove,SL Shastri
336040,Mumbai,YK Pathan,Dr DY Patil Sports Academy,0,Chennai Super Kings,Rajasthan Royals,Rajasthan Royals,field,Rajasthan Royals,wickets,3,N,NA,BF Bowden,RE Koertzen
392203,East London,JP Duminy,Buffalo Park,1,Kolkata Knight Riders,Mumbai Indians,Mumbai Indians,bat,Mumbai Indians,runs,9,N,NA,M Erasmus,SK Tarapore
392204,Durban,Yuvraj Singh,Kingsmead,1,Royal Challengers Bangalore,Kings XI Punjab,Royal Challengers Bangalore,bat,Royal Challengers Bangalore,runs,8,N,NA,HDPK Dharmasena,S Ravi
392205,Port Elizabeth,YK Pathan,St George's Park,1,Deccan Chargers,Rajasthan Royals,Deccan Chargers,bat,Rajasthan Royals,wickets,3,N,NA,S Asnani,BG Jerling
392206,Johannesburg,SB Jakati,New Wanderers Stadium,1,Chennai Super Kings,Delhi Capitals ,Delhi Capitals ,field,Chennai Super Kings,runs,18,N,NA,DJ Harper,RE Koertzen
392207,Port Elizabeth,DPMD Jayawardene,St George's Park,1,Kings XI Punjab,Kolkata Knight Riders,Kolkata Knight Riders,bat,Kings XI Punjab,wickets,6,N,NA,S Asnani,MR Benson
392208,Johannesburg,JH Kallis,New Wanderers Stadium,1,Royal Challengers Bangalore,Mumbai Indians,Mumbai Indians,bat,Royal Challengers Bangalore,wickets,9,N,NA,RE Koertzen,TH Wijewardene
392209,East London,MS Dhoni,Buffalo Park,1,Chennai Super Kings,Deccan Chargers,Chennai Super Kings,bat,Chennai Super Kings,runs,78,N,NA,BR Doctrove,M Erasmus
392210,Durban,GC Smith,Kingsmead,1,Kings XI Punjab,Rajasthan Royals,Kings XI Punjab,field,Rajasthan Royals,runs,78,N,NA,SS Hazare,IL Howell
392211,Durban,G Gambhir,Kingsmead,1,Delhi Capitals ,Kolkata Knight Riders,Kolkata Knight Riders,bat,Delhi Capitals ,wickets,9,N,NA,GAV Baxter,IL Howell
392212,Centurion,RG Sharma,SuperSport Park,1,Deccan Chargers,Mumbai Indians,Deccan Chargers,bat,Deccan Chargers,runs,19,N,NA,MR Benson,HDPK Dharmasena
392213,Centurion,A Singh,SuperSport Park,1,Royal Challengers Bangalore,Rajasthan Royals,Rajasthan Royals,field,Rajasthan Royals,wickets,7,N,NA,K Hariharan,DJ Harper
392214,Centurion,ML Hayden,SuperSport Park,1,Chennai Super Kings,Kings XI Punjab,Chennai Super Kings,bat,Chennai Super Kings,runs,12,N,D/L,DJ Harper,TH Wijewardene
392215,East London,A Nehra,Buffalo Park,1,Delhi Capitals ,Mumbai Indians,Mumbai Indians,bat,Delhi Capitals ,wickets,7,N,NA,M Erasmus,SK Tarapore
392216,Kimberley,DPMD Jayawardene,De Beers Diamond Oval,1,Deccan Chargers,Kings XI Punjab,Kings XI Punjab,field,Kings XI Punjab,wickets,3,N,NA,GAV Baxter,AM Saheba
392217,Kimberley,S Badrinath,De Beers Diamond Oval,1,Chennai Super Kings,Rajasthan Royals,Rajasthan Royals,bat,Chennai Super Kings,wickets,7,N,NA,GAV Baxter,HDPK Dharmasena
419135,Kolkata,SC Ganguly,Eden Gardens,0,Kolkata Knight Riders,Deccan Chargers,Kolkata Knight Riders,bat,Kolkata Knight Riders,runs,24,N,NA,K Hariharan,DJ Harper
419136,Chandigarh,KP Pietersen,"Punjab Cricket Association Stadium, Mohali",0,Kings XI Punjab,Royal Challengers Bangalore,Kings XI Punjab,bat,Royal Challengers Bangalore,wickets,6,N,NA,BF Bowden,M Erasmus
419137,Chennai,M Vijay,"MA Chidambaram Stadium, Chepauk",0,Chennai Super Kings,Rajasthan Royals,Chennai Super Kings,bat,Chennai Super Kings,runs,23,N,NA,RE Koertzen,RB Tiffin
419138,Mumbai,AT Rayudu,Brabourne Stadium,0,Mumbai Indians,Deccan Chargers,Mumbai Indians,bat,Mumbai Indians,runs,63,N,NA,BR Doctrove,S Ravi
419139,Kolkata,DPMD Jayawardene,Eden Gardens,0,Kolkata Knight Riders,Kings XI Punjab,Kolkata Knight Riders,bat,Kings XI Punjab,wickets,8,N,NA,S Asnani,DJ Harper
419140,Delhi,PD Collingwood,Feroz Shah Kotla,0,Delhi Capitals ,Royal Challengers Bangalore,Delhi Capitals ,bat,Delhi Capitals ,runs,37,N,NA,BF Bowden,M Erasmus
419141,Nagpur,SK Warne,"Vidarbha Cricket Association Stadium, Jamtha",0,Deccan Chargers,Rajasthan Royals,Rajasthan Royals,bat,Rajasthan Royals,runs,2,N,NA,HDPK Dharmasena,SJA Taufel
419142,Chennai,SK Raina,"MA Chidambaram Stadium, Chepauk",0,Chennai Super Kings,Mumbai Indians,Chennai Super Kings,bat,Chennai Super Kings,runs,24,N,NA,S Asnani,DJ Harper
419143,Jaipur,MJ Lumb,Sawai Mansingh Stadium,0,Rajasthan Royals,Kings XI Punjab,Kings XI Punjab,bat,Rajasthan Royals,wickets,9,N,NA,S Ravi,SK Tarapore
419144,Kolkata,SC Ganguly,Eden Gardens,0,Kolkata Knight Riders,Delhi Capitals ,Kolkata Knight Riders,bat,Kolkata Knight Riders,runs,14,N,NA,BG Jerling,RE Koertzen
419145,Bangalore,TL Suman,M Chinnaswamy Stadium,0,Royal Challengers Bangalore,Deccan Chargers,Deccan Chargers,field,Deccan Chargers,wickets,7,N,NA,S Asnani,DJ Harper
419146,Chandigarh,KC Sangakkara,"Punjab Cricket Association Stadium, Mohali",0,Kings XI Punjab,Mumbai Indians,Mumbai Indians,bat,Kings XI Punjab,wickets,6,N,NA,M Erasmus,AM Saheba
419147,Nagpur,RJ Harris,"Vidarbha Cricket Association Stadium, Jamtha",0,Deccan Chargers,Chennai Super Kings,Chennai Super Kings,bat,Deccan Chargers,wickets,6,N,NA,HDPK Dharmasena,SJA Taufel
419148,Bangalore,R Vinay Kumar,M Chinnaswamy Stadium,0,Royal Challengers Bangalore,Kolkata Knight Riders,Royal Challengers Bangalore,field,Royal Challengers Bangalore,wickets,7,N,NA,K Hariharan,DJ Harper
419149,Delhi,PP Chawla,Feroz Shah Kotla,0,Delhi Capitals ,Kings XI Punjab,Delhi Capitals ,bat,Kings XI Punjab,wickets,7,N,NA,BF Bowden,AM Saheba
419150,Jaipur,SR Tendulkar,Sawai Mansingh Stadium,0,Rajasthan Royals,Mumbai Indians,Rajasthan Royals,field,Mumbai Indians,runs,37,N,NA,BR Doctrove,SK Tarapore
419151,Nagpur,Harmeet Singh,"Vidarbha Cricket Association Stadium, Jamtha",0,Deccan Chargers,Royal Challengers Bangalore,Royal Challengers Bangalore,field,Deccan Chargers,runs,13,N,NA,RE Koertzen,RB Tiffin
419152,Mumbai,KA Pollard,Brabourne Stadium,0,Mumbai Indians,Delhi Capitals ,Mumbai Indians,bat,Mumbai Indians,runs,39,N,NA,S Asnani,DJ Harper
419153,Chennai,R Ashwin,"MA Chidambaram Stadium, Chepauk",0,Chennai Super Kings,Kolkata Knight Riders,Kolkata Knight Riders,bat,Chennai Super Kings,wickets,9,N,NA,SS Hazare,SJA Taufel
419154,Jaipur,KP Pietersen,Sawai Mansingh Stadium,0,Rajasthan Royals,Royal Challengers Bangalore,Rajasthan Royals,bat,Royal Challengers Bangalore,wickets,5,N,NA,BR Doctrove,S Ravi
419155,Chennai,G Gambhir,"MA Chidambaram Stadium, Chepauk",0,Chennai Super Kings,Delhi Capitals ,Chennai Super Kings,bat,Delhi Capitals ,wickets,6,N,NA,HDPK Dharmasena,SS Hazare
419156,Dharamsala,RG Sharma,Himachal Pradesh Cricket Association Stadium,0,Kings XI Punjab,Deccan Chargers,Deccan Chargers,field,Deccan Chargers,wickets,5,N,NA,M Erasmus,AM Saheba
419157,Bangalore,R McLaren,M Chinnaswamy Stadium,0,Royal Challengers Bangalore,Mumbai Indians,Royal Challengers Bangalore,field,Mumbai Indians,runs,57,N,NA,HDPK Dharmasena,SJA Taufel
419158,Kolkata,JD Unadkat,Eden Gardens,0,Kolkata Knight Riders,Rajasthan Royals,Rajasthan Royals,bat,Kolkata Knight Riders,wickets,8,N,NA,BG Jerling,RB Tiffin
419159,Dharamsala,MS Dhoni,Himachal Pradesh Cricket Association Stadium,0,Kings XI Punjab,Chennai Super Kings,Chennai Super Kings,field,Chennai Super Kings,wickets,6,N,NA,BF Bowden,AM Saheba
419160,Delhi,A Symonds,Feroz Shah Kotla,0,Delhi Capitals ,Deccan Chargers,Deccan Chargers,bat,Deccan Chargers,runs,11,N,NA,BR Doctrove,SK Tarapore
419161,Kolkata,M Kartik,Eden Gardens,0,Kolkata Knight Riders,Mumbai Indians,Mumbai Indians,bat,Kolkata Knight Riders,wickets,9,N,NA,BG Jerling,RE Koertzen
419162,Mumbai,KA Pollard,Dr DY Patil Sports Academy,0,Royal Challengers Bangalore,Mumbai Indians,Mumbai Indians,bat,Mumbai Indians,runs,35,N,NA,BR Doctrove,RB Tiffin
419163,Mumbai,DE Bollinger,Dr DY Patil Sports Academy,0,Chennai Super Kings,Deccan Chargers,Chennai Super Kings,bat,Chennai Super Kings,runs,38,N,NA,BR Doctrove,RB Tiffin
419164,Mumbai,A Kumble,Dr DY Patil Sports Academy,0,Royal Challengers Bangalore,Deccan Chargers,Deccan Chargers,bat,Royal Challengers Bangalore,wickets,9,N,NA,RE Koertzen,SJA Taufel
419165,Mumbai,SK Raina,Dr DY Patil Sports Academy,0,Chennai Super Kings,Mumbai Indians,Chennai Super Kings,bat,Chennai Super Kings,runs,22,N,NA,RE Koertzen,SJA Taufel
501198,Chennai,S Anirudha,"MA Chidambaram Stadium, Chepauk",0,Chennai Super Kings,Kolkata Knight Riders,Chennai Super Kings,bat,Chennai Super Kings,runs,2,N,NA,BR Doctrove,PR Reiffel
501199,Hyderabad,SK Trivedi,"Rajiv Gandhi International Stadium, Uppal",0,Deccan Chargers,Rajasthan Royals,Rajasthan Royals,field,Rajasthan Royals,wickets,8,N,NA,RE Koertzen,SK Tarapore
501200,Kochi,AB de Villiers,Nehru Stadium,0,Kochi Tuskers Kerala,Royal Challengers Bangalore,Kochi Tuskers Kerala,bat,Royal Challengers Bangalore,wickets,6,N,NA,HDPK Dharmasena,K Hariharan
501201,Delhi,SL Malinga,Feroz Shah Kotla,0,Delhi Capitals ,Mumbai Indians,Delhi Capitals ,bat,Mumbai Indians,wickets,8,N,NA,AM Saheba,RB Tiffin
501202,Mumbai,SB Wagh,Dr DY Patil Sports Academy,0,Pune Warriors,Kings XI Punjab,Kings XI Punjab,bat,Pune Warriors,wickets,7,N,NA,BR Doctrove,PR Reiffel
501203,Kolkata,JH Kallis,Eden Gardens,0,Kolkata Knight Riders,Deccan Chargers,Kolkata Knight Riders,bat,Kolkata Knight Riders,runs,9,N,NA,RE Koertzen,SK Tarapore
501204,Jaipur,SK Warne,Sawai Mansingh Stadium,0,Rajasthan Royals,Delhi Capitals ,Delhi Capitals ,bat,Rajasthan Royals,wickets,6,N,NA,Aleem Dar,RB Tiffin
501205,Bangalore,SR Tendulkar,M Chinnaswamy Stadium,0,Royal Challengers Bangalore,Mumbai Indians,Mumbai Indians,field,Mumbai Indians,wickets,9,N,NA,HDPK Dharmasena,AL Hill
501206,Chandigarh,PC Valthaty,"Punjab Cricket Association Stadium, Mohali",0,Kings XI Punjab,Chennai Super Kings,Kings XI Punjab,field,Kings XI Punjab,wickets,6,N,NA,Asad Rauf,SL Shastri
501207,Mumbai,MD Mishra,Dr DY Patil Sports Academy,0,Pune Warriors,Kochi Tuskers Kerala,Kochi Tuskers Kerala,bat,Pune Warriors,wickets,4,N,NA,S Asnani,PR Reiffel
501208,Hyderabad,DW Steyn,"Rajiv Gandhi International Stadium, Uppal",0,Deccan Chargers,Royal Challengers Bangalore,Royal Challengers Bangalore,field,Deccan Chargers,runs,33,N,NA,RE Koertzen,S Ravi
501209,Jaipur,G Gambhir,Sawai Mansingh Stadium,0,Rajasthan Royals,Kolkata Knight Riders,Kolkata Knight Riders,field,Kolkata Knight Riders,wickets,9,N,NA,Aleem Dar,SS Hazare
501210,Mumbai,BB McCullum,Wankhede Stadium,0,Mumbai Indians,Kochi Tuskers Kerala,Kochi Tuskers Kerala,field,Kochi Tuskers Kerala,wickets,8,N,NA,BR Doctrove,PR Reiffel
501211,Chennai,MEK Hussey,"MA Chidambaram Stadium, Chepauk",0,Chennai Super Kings,Royal Challengers Bangalore,Chennai Super Kings,bat,Chennai Super Kings,runs,21,N,NA,HDPK Dharmasena,AL Hill
501212,Hyderabad,PC Valthaty,"Rajiv Gandhi International Stadium, Uppal",0,Deccan Chargers,Kings XI Punjab,Kings XI Punjab,field,Kings XI Punjab,wickets,8,N,NA,RE Koertzen,S Ravi
501213,Mumbai,Yuvraj Singh,Dr DY Patil Sports Academy,0,Pune Warriors,Delhi Capitals ,Delhi Capitals ,field,Delhi Capitals ,wickets,3,N,NA,Asad Rauf,AM Saheba
501214,Kolkata,L Balaji,Eden Gardens,0,Kolkata Knight Riders,Rajasthan Royals,Kolkata Knight Riders,field,Kolkata Knight Riders,wickets,8,N,NA,Aleem Dar,RB Tiffin
501215,Kochi,BB McCullum,Nehru Stadium,0,Kochi Tuskers Kerala,Chennai Super Kings,Kochi Tuskers Kerala,field,Kochi Tuskers Kerala,wickets,7,N,D/L,K Hariharan,AL Hill
501216,Delhi,S Sohal,Feroz Shah Kotla,0,Delhi Capitals ,Deccan Chargers,Deccan Chargers,bat,Deccan Chargers,runs,16,N,NA,PR Reiffel,RJ Tucker
501218,Mumbai,MM Patel,Wankhede Stadium,0,Mumbai Indians,Pune Warriors,Pune Warriors,bat,Mumbai Indians,wickets,7,N,NA,Asad Rauf,AM Saheba
501219,Kolkata,DPMD Jayawardene,Eden Gardens,0,Kolkata Knight Riders,Kochi Tuskers Kerala,Kolkata Knight Riders,field,Kochi Tuskers Kerala,runs,6,N,NA,Aleem Dar,RB Tiffin
501220,Chandigarh,SE Marsh,"Punjab Cricket Association Stadium, Mohali",0,Kings XI Punjab,Rajasthan Royals,Rajasthan Royals,field,Kings XI Punjab,runs,48,N,NA,S Asnani,PR Reiffel
501221,Mumbai,Harbhajan Singh,Wankhede Stadium,0,Mumbai Indians,Chennai Super Kings,Chennai Super Kings,field,Mumbai Indians,runs,8,N,NA,Asad Rauf,AM Saheba
501222,Kolkata,CH Gayle,Eden Gardens,0,Kolkata Knight Riders,Royal Challengers Bangalore,Royal Challengers Bangalore,field,Royal Challengers Bangalore,wickets,9,N,NA,SS Hazare,RB Tiffin
501223,Delhi,DA Warner,Feroz Shah Kotla,0,Delhi Capitals ,Kings XI Punjab,Kings XI Punjab,field,Delhi Capitals ,runs,29,N,NA,S Asnani,RE Koertzen
501224,Hyderabad,SL Malinga,"Rajiv Gandhi International Stadium, Uppal",0,Deccan Chargers,Mumbai Indians,Deccan Chargers,field,Mumbai Indians,runs,37,N,NA,HDPK Dharmasena,AL Hill
501225,Jaipur,SK Warne,Sawai Mansingh Stadium,0,Rajasthan Royals,Kochi Tuskers Kerala,Rajasthan Royals,field,Rajasthan Royals,wickets,8,N,NA,BR Doctrove,SK Tarapore
501226,Chennai,MEK Hussey,"MA Chidambaram Stadium, Chepauk",0,Chennai Super Kings,Pune Warriors,Pune Warriors,field,Chennai Super Kings,runs,25,N,NA,Aleem Dar,RB Tiffin
501227,Delhi,V Kohli,Feroz Shah Kotla,0,Delhi Capitals ,Royal Challengers Bangalore,Royal Challengers Bangalore,field,Royal Challengers Bangalore,wickets,3,N,NA,S Asnani,RJ Tucker
501228,Mumbai,DE Bollinger,Dr DY Patil Sports Academy,0,Pune Warriors,Chennai Super Kings,Pune Warriors,bat,Chennai Super Kings,wickets,8,N,NA,Asad Rauf,SL Shastri
501229,Kochi,I Sharma,Nehru Stadium,0,Kochi Tuskers Kerala,Deccan Chargers,Kochi Tuskers Kerala,field,Deccan Chargers,runs,55,N,NA,HDPK Dharmasena,AL Hill
501230,Delhi,MK Tiwary,Feroz Shah Kotla,0,Delhi Capitals ,Kolkata Knight Riders,Delhi Capitals ,field,Kolkata Knight Riders,runs,17,N,NA,PR Reiffel,RJ Tucker
501231,Jaipur,J Botha,Sawai Mansingh Stadium,0,Rajasthan Royals,Mumbai Indians,Rajasthan Royals,field,Rajasthan Royals,wickets,7,N,NA,Asad Rauf,SK Tarapore
501232,Bangalore,V Kohli,M Chinnaswamy Stadium,0,Royal Challengers Bangalore,Pune Warriors,Pune Warriors,field,Royal Challengers Bangalore,runs,26,N,NA,Aleem Dar,SS Hazare
501233,Kochi,V Sehwag,Nehru Stadium,0,Kochi Tuskers Kerala,Delhi Capitals ,Delhi Capitals ,bat,Delhi Capitals ,runs,38,N,NA,HDPK Dharmasena,AL Hill
501234,Kolkata,Iqbal Abdulla,Eden Gardens,0,Kolkata Knight Riders,Kings XI Punjab,Kolkata Knight Riders,field,Kolkata Knight Riders,wickets,8,N,NA,AM Saheba,SL Shastri
501235,Jaipur,LRPL Taylor,Sawai Mansingh Stadium,0,Rajasthan Royals,Pune Warriors,Rajasthan Royals,field,Rajasthan Royals,wickets,6,N,NA,SK Tarapore,SJA Taufel
501236,Chennai,JA Morkel,"MA Chidambaram Stadium, Chepauk",0,Chennai Super Kings,Deccan Chargers,Chennai Super Kings,bat,Chennai Super Kings,runs,19,N,NA,Aleem Dar,RB Tiffin
501237,Mumbai,KA Pollard,Wankhede Stadium,0,Mumbai Indians,Kings XI Punjab,Kings XI Punjab,field,Mumbai Indians,runs,23,N,NA,HDPK Dharmasena,PR Reiffel
501238,Delhi,P Parameswaran,Feroz Shah Kotla,0,Delhi Capitals ,Kochi Tuskers Kerala,Kochi Tuskers Kerala,field,Kochi Tuskers Kerala,wickets,7,N,NA,Asad Rauf,SL Shastri
501239,Hyderabad,YK Pathan,"Rajiv Gandhi International Stadium, Uppal",0,Deccan Chargers,Kolkata Knight Riders,Deccan Chargers,field,Kolkata Knight Riders,runs,20,N,NA,S Asnani,RJ Tucker
501240,Chennai,MEK Hussey,"MA Chidambaram Stadium, Chepauk",0,Chennai Super Kings,Rajasthan Royals,Rajasthan Royals,bat,Chennai Super Kings,wickets,8,N,NA,SS Hazare,RB Tiffin
501241,Mumbai,R Sharma,Dr DY Patil Sports Academy,0,Pune Warriors,Mumbai Indians,Pune Warriors,field,Mumbai Indians,runs,21,N,NA,HDPK Dharmasena,SJA Taufel
501242,Kochi,BJ Hodge,Nehru Stadium,0,Kochi Tuskers Kerala,Kolkata Knight Riders,Kolkata Knight Riders,field,Kochi Tuskers Kerala,runs,17,N,NA,S Ravi,RJ Tucker
501243,Hyderabad,V Sehwag,"Rajiv Gandhi International Stadium, Uppal",0,Deccan Chargers,Delhi Capitals ,Delhi Capitals ,field,Delhi Capitals ,wickets,4,N,NA,Asad Rauf,AM Saheba
501244,Bangalore,CH Gayle,M Chinnaswamy Stadium,0,Royal Challengers Bangalore,Kings XI Punjab,Kings XI Punjab,field,Royal Challengers Bangalore,runs,85,N,NA,Aleem Dar,RB Tiffin
501245,Kolkata,Iqbal Abdulla,Eden Gardens,0,Kolkata Knight Riders,Chennai Super Kings,Chennai Super Kings,bat,Kolkata Knight Riders,runs,10,N,D/L,Asad Rauf,PR Reiffel
501246,Mumbai,AT Rayudu,Wankhede Stadium,0,Mumbai Indians,Delhi Capitals ,Delhi Capitals ,field,Mumbai Indians,runs,32,N,NA,K Hariharan,SJA Taufel
501247,Bangalore,CH Gayle,M Chinnaswamy Stadium,0,Royal Challengers Bangalore,Kochi Tuskers Kerala,Kochi Tuskers Kerala,bat,Royal Challengers Bangalore,wickets,9,N,NA,Aleem Dar,SS Hazare
501248,Chandigarh,R Sharma,"Punjab Cricket Association Stadium, Mohali",0,Kings XI Punjab,Pune Warriors,Kings XI Punjab,bat,Pune Warriors,wickets,5,N,NA,SK Tarapore,RJ Tucker
501249,Jaipur,M Vijay,Sawai Mansingh Stadium,0,Rajasthan Royals,Chennai Super Kings,Rajasthan Royals,field,Chennai Super Kings,runs,63,N,NA,K Hariharan,SJA Taufel
501250,Hyderabad,MR Marsh,"Rajiv Gandhi International Stadium, Uppal",0,Deccan Chargers,Pune Warriors,Deccan Chargers,bat,Pune Warriors,wickets,6,N,NA,Asad Rauf,AM Saheba
501251,Chandigarh,BA Bhatt,"Punjab Cricket Association Stadium, Mohali",0,Kings XI Punjab,Mumbai Indians,Mumbai Indians,field,Kings XI Punjab,runs,76,N,NA,SK Tarapore,RJ Tucker
501252,Jaipur,S Aravind,Sawai Mansingh Stadium,0,Rajasthan Royals,Royal Challengers Bangalore,Royal Challengers Bangalore,field,Royal Challengers Bangalore,wickets,9,N,NA,HDPK Dharmasena,K Hariharan
501253,Chennai,MS Dhoni,"MA Chidambaram Stadium, Chepauk",0,Chennai Super Kings,Delhi Capitals ,Chennai Super Kings,bat,Chennai Super Kings,runs,18,N,NA,AM Saheba,SL Shastri
501254,Indore,KD Karthik,Holkar Cricket Stadium,0,Kochi Tuskers Kerala,Kings XI Punjab,Kings XI Punjab,field,Kings XI Punjab,wickets,6,N,NA,S Asnani,RJ Tucker
501255,Bangalore,CH Gayle,M Chinnaswamy Stadium,0,Royal Challengers Bangalore,Kolkata Knight Riders,Royal Challengers Bangalore,field,Royal Challengers Bangalore,wickets,4,N,D/L,RE Koertzen,RB Tiffin
501256,Mumbai,A Mishra,Wankhede Stadium,0,Mumbai Indians,Deccan Chargers,Deccan Chargers,bat,Deccan Chargers,runs,10,N,NA,S Ravi,SK Tarapore
501257,Dharamsala,PP Chawla,Himachal Pradesh Cricket Association Stadium,0,Kings XI Punjab,Delhi Capitals ,Delhi Capitals ,field,Kings XI Punjab,runs,29,N,NA,Asad Rauf,SL Shastri
501258,Indore,BJ Hodge,Holkar Cricket Stadium,0,Kochi Tuskers Kerala,Rajasthan Royals,Kochi Tuskers Kerala,field,Kochi Tuskers Kerala,wickets,8,N,NA,PR Reiffel,RJ Tucker
501259,Mumbai,A Mishra,Dr DY Patil Sports Academy,0,Pune Warriors,Deccan Chargers,Deccan Chargers,field,Deccan Chargers,wickets,6,N,NA,S Ravi,SK Tarapore
501260,Dharamsala,AC Gilchrist,Himachal Pradesh Cricket Association Stadium,0,Kings XI Punjab,Royal Challengers Bangalore,Kings XI Punjab,bat,Kings XI Punjab,runs,111,N,NA,Asad Rauf,AM Saheba
501261,Chennai,WP Saha,"MA Chidambaram Stadium, Chepauk",0,Chennai Super Kings,Kochi Tuskers Kerala,Chennai Super Kings,bat,Chennai Super Kings,runs,11,N,NA,HDPK Dharmasena,RE Koertzen
501262,Mumbai,YK Pathan,Dr DY Patil Sports Academy,0,Pune Warriors,Kolkata Knight Riders,Kolkata Knight Riders,field,Kolkata Knight Riders,wickets,7,N,NA,S Ravi,SJA Taufel
501263,Mumbai,SR Watson,Wankhede Stadium,0,Mumbai Indians,Rajasthan Royals,Mumbai Indians,bat,Rajasthan Royals,wickets,10,N,NA,RE Koertzen,PR Reiffel
501264,Dharamsala,S Dhawan,Himachal Pradesh Cricket Association Stadium,0,Kings XI Punjab,Deccan Chargers,Kings XI Punjab,field,Deccan Chargers,runs,82,N,NA,Asad Rauf,AM Saheba
501265,Delhi,NA,Feroz Shah Kotla,0,Delhi Capitals ,Pune Warriors,Delhi Capitals ,bat,NA,NA,NA,NA,NA,SS Hazare,RJ Tucker
501266,Bangalore,CH Gayle,M Chinnaswamy Stadium,0,Royal Challengers Bangalore,Chennai Super Kings,Royal Challengers Bangalore,field,Royal Challengers Bangalore,wickets,8,N,NA,K Hariharan,RE Koertzen
501267,Kolkata,JEC Franklin,Eden Gardens,0,Kolkata Knight Riders,Mumbai Indians,Mumbai Indians,field,Mumbai Indians,wickets,5,N,NA,SK Tarapore,SJA Taufel
501268,Mumbai,SK Raina,Wankhede Stadium,0,Royal Challengers Bangalore,Chennai Super Kings,Chennai Super Kings,field,Chennai Super Kings,wickets,6,N,NA,Asad Rauf,SJA Taufel
501269,Mumbai,MM Patel,Wankhede Stadium,0,Mumbai Indians,Kolkata Knight Riders,Mumbai Indians,field,Mumbai Indians,wickets,4,N,NA,Asad Rauf,SJA Taufel
501270,Chennai,CH Gayle,"MA Chidambaram Stadium, Chepauk",0,Royal Challengers Bangalore,Mumbai Indians,Mumbai Indians,field,Royal Challengers Bangalore,runs,43,N,NA,Asad Rauf,SJA Taufel
501271,Chennai,M Vijay,"MA Chidambaram Stadium, Chepauk",0,Chennai Super Kings,Royal Challengers Bangalore,Chennai Super Kings,bat,Chennai Super Kings,runs,58,N,NA,Asad Rauf,SJA Taufel
548306,Chennai,RE Levi,"MA Chidambaram Stadium, Chepauk",0,Chennai Super Kings,Mumbai Indians,Mumbai Indians,field,Mumbai Indians,wickets,8,N,NA,JD Cloete,SJA Taufel
548307,Kolkata,IK Pathan,Eden Gardens,0,Kolkata Knight Riders,Delhi Capitals ,Delhi Capitals ,field,Delhi Capitals ,wickets,8,N,NA,S Asnani,HDPK Dharmasena
548308,Mumbai,SPD Smith,Wankhede Stadium,0,Mumbai Indians,Pune Warriors,Mumbai Indians,field,Pune Warriors,runs,28,N,NA,AK Chaudhary,SJA Taufel
548309,Jaipur,AM Rahane,Sawai Mansingh Stadium,0,Rajasthan Royals,Kings XI Punjab,Kings XI Punjab,field,Rajasthan Royals,runs,31,N,NA,BF Bowden,SK Tarapore
548310,Bangalore,AB de Villiers,M Chinnaswamy Stadium,0,Royal Challengers Bangalore,Delhi Capitals ,Delhi Capitals ,field,Royal Challengers Bangalore,runs,20,N,NA,S Asnani,S Ravi
548311,Visakhapatnam,RA Jadeja,Dr. Y.S. Rajasekhara Reddy ACA-VDCA Cricket Stadium,0,Deccan Chargers,Chennai Super Kings,Deccan Chargers,field,Chennai Super Kings,runs,74,N,NA,JD Cloete,HDPK Dharmasena
548312,Jaipur,BJ Hodge,Sawai Mansingh Stadium,0,Rajasthan Royals,Kolkata Knight Riders,Kolkata Knight Riders,field,Rajasthan Royals,runs,22,N,NA,BF Bowden,VA Kulkarni
548313,Pune,MN Samuels,Subrata Roy Sahara Stadium,0,Pune Warriors,Kings XI Punjab,Pune Warriors,bat,Pune Warriors,runs,22,N,NA,S Das,SJA Taufel
548314,Visakhapatnam,RG Sharma,Dr. Y.S. Rajasekhara Reddy ACA-VDCA Cricket Stadium,0,Deccan Chargers,Mumbai Indians,Deccan Chargers,bat,Mumbai Indians,wickets,5,N,NA,AK Chaudhary,JD Cloete
548315,Bangalore,L Balaji,M Chinnaswamy Stadium,0,Royal Challengers Bangalore,Kolkata Knight Riders,Royal Challengers Bangalore,field,Kolkata Knight Riders,runs,42,N,NA,S Ravi,RJ Tucker
548316,Delhi,M Morkel,Feroz Shah Kotla,0,Delhi Capitals ,Chennai Super Kings,Delhi Capitals ,field,Delhi Capitals ,wickets,8,N,NA,Asad Rauf,SK Tarapore
548317,Mumbai,KA Pollard,Wankhede Stadium,0,Mumbai Indians,Rajasthan Royals,Rajasthan Royals,field,Mumbai Indians,runs,27,N,NA,Aleem Dar,BNJ Oxenford
548318,Chennai,F du Plessis,"MA Chidambaram Stadium, Chepauk",0,Chennai Super Kings,Royal Challengers Bangalore,Royal Challengers Bangalore,bat,Chennai Super Kings,wickets,5,N,NA,HDPK Dharmasena,RJ Tucker
548319,Chandigarh,AD Mascarenhas,"Punjab Cricket Association Stadium, Mohali",0,Kings XI Punjab,Pune Warriors,Kings XI Punjab,field,Kings XI Punjab,wickets,7,N,NA,VA Kulkarni,SK Tarapore
548320,Kolkata,Shakib Al Hasan,Eden Gardens,0,Kolkata Knight Riders,Rajasthan Royals,Rajasthan Royals,bat,Kolkata Knight Riders,wickets,5,N,NA,Asad Rauf,S Asnani
548321,Delhi,KP Pietersen,Feroz Shah Kotla,0,Delhi Capitals ,Deccan Chargers,Deccan Chargers,bat,Delhi Capitals ,wickets,5,N,NA,BF Bowden,SK Tarapore
548322,Pune,JD Ryder,Subrata Roy Sahara Stadium,0,Pune Warriors,Chennai Super Kings,Chennai Super Kings,bat,Pune Warriors,wickets,7,N,NA,Aleem Dar,BNJ Oxenford
548323,Kolkata,SP Narine,Eden Gardens,0,Kolkata Knight Riders,Kings XI Punjab,Kolkata Knight Riders,field,Kings XI Punjab,runs,2,N,NA,Asad Rauf,S Asnani
548324,Bangalore,AM Rahane,M Chinnaswamy Stadium,0,Royal Challengers Bangalore,Rajasthan Royals,Rajasthan Royals,bat,Rajasthan Royals,runs,59,N,NA,JD Cloete,RJ Tucker
548325,Mumbai,S Nadeem,Wankhede Stadium,0,Mumbai Indians,Delhi Capitals ,Delhi Capitals ,field,Delhi Capitals ,wickets,7,N,NA,BF Bowden,SK Tarapore
548326,Jaipur,BJ Hodge,Sawai Mansingh Stadium,0,Rajasthan Royals,Deccan Chargers,Deccan Chargers,bat,Rajasthan Royals,wickets,5,N,NA,Aleem Dar,BNJ Oxenford
548327,Bangalore,CH Gayle,M Chinnaswamy Stadium,0,Royal Challengers Bangalore,Pune Warriors,Pune Warriors,bat,Royal Challengers Bangalore,wickets,6,N,NA,S Asnani,S Das
548328,Chandigarh,G Gambhir,"Punjab Cricket Association Stadium, Mohali",0,Kings XI Punjab,Kolkata Knight Riders,Kings XI Punjab,bat,Kolkata Knight Riders,wickets,8,N,NA,JD Cloete,RJ Tucker
548329,Hyderabad,DA Warner,"Rajiv Gandhi International Stadium, Uppal",0,Deccan Chargers,Delhi Capitals ,Deccan Chargers,bat,Delhi Capitals ,wickets,9,N,NA,JD Cloete,SJA Taufel
548330,Chennai,KMDN Kulasekara,"MA Chidambaram Stadium, Chepauk",0,Chennai Super Kings,Pune Warriors,Pune Warriors,field,Chennai Super Kings,runs,13,N,NA,Asad Rauf,S Das
548331,Chandigarh,CH Gayle,"Punjab Cricket Association Stadium, Mohali",0,Kings XI Punjab,Royal Challengers Bangalore,Royal Challengers Bangalore,field,Royal Challengers Bangalore,wickets,5,N,NA,S Ravi,RJ Tucker
548332,Chennai,F du Plessis,"MA Chidambaram Stadium, Chepauk",0,Chennai Super Kings,Rajasthan Royals,Rajasthan Royals,bat,Chennai Super Kings,wickets,7,N,NA,Aleem Dar,BNJ Oxenford
548333,Delhi,SC Ganguly,Feroz Shah Kotla,0,Delhi Capitals ,Pune Warriors,Delhi Capitals ,field,Pune Warriors,runs,20,N,NA,Asad Rauf,S Das
548334,Mumbai,SE Marsh,Wankhede Stadium,0,Mumbai Indians,Kings XI Punjab,Mumbai Indians,bat,Kings XI Punjab,wickets,6,N,NA,S Ravi,RJ Tucker
548335,Cuttack,B Lee,Barabati Stadium,0,Deccan Chargers,Kolkata Knight Riders,Kolkata Knight Riders,field,Kolkata Knight Riders,wickets,5,N,NA,BF Bowden,SK Tarapore
548336,Jaipur,AB de Villiers,Sawai Mansingh Stadium,0,Rajasthan Royals,Royal Challengers Bangalore,Rajasthan Royals,field,Royal Challengers Bangalore,runs,46,N,NA,Asad Rauf,S Asnani
548337,Pune,V Sehwag,Subrata Roy Sahara Stadium,0,Pune Warriors,Delhi Capitals ,Pune Warriors,bat,Delhi Capitals ,wickets,8,N,NA,S Ravi,RJ Tucker
548339,Chandigarh,AT Rayudu,"Punjab Cricket Association Stadium, Mohali",0,Kings XI Punjab,Mumbai Indians,Kings XI Punjab,bat,Mumbai Indians,wickets,4,N,NA,Aleem Dar,BNJ Oxenford
548341,Pune,CL White,Subrata Roy Sahara Stadium,0,Pune Warriors,Deccan Chargers,Deccan Chargers,bat,Deccan Chargers,runs,18,N,NA,S Ravi,RJ Tucker
548342,Delhi,V Sehwag,Feroz Shah Kotla,0,Delhi Capitals ,Mumbai Indians,Mumbai Indians,field,Delhi Capitals ,runs,37,N,NA,Aleem Dar,BNJ Oxenford
548343,Chennai,Mandeep Singh,"MA Chidambaram Stadium, Chepauk",0,Chennai Super Kings,Kings XI Punjab,Kings XI Punjab,bat,Kings XI Punjab,runs,7,N,NA,BF Bowden,SK Tarapore
548344,Kolkata,G Gambhir,Eden Gardens,0,Kolkata Knight Riders,Royal Challengers Bangalore,Kolkata Knight Riders,bat,Kolkata Knight Riders,runs,47,N,NA,Asad Rauf,BR Doctrove
548345,Delhi,V Sehwag,Feroz Shah Kotla,0,Delhi Capitals ,Rajasthan Royals,Delhi Capitals ,bat,Delhi Capitals ,runs,1,N,NA,S Ravi,RJ Tucker
548346,Mumbai,DW Steyn,Wankhede Stadium,0,Mumbai Indians,Deccan Chargers,Mumbai Indians,field,Mumbai Indians,wickets,5,N,NA,AK Chaudhary,BNJ Oxenford
548347,Chennai,G Gambhir,"MA Chidambaram Stadium, Chepauk",0,Chennai Super Kings,Kolkata Knight Riders,Chennai Super Kings,bat,Kolkata Knight Riders,wickets,5,N,NA,BF Bowden,C Shamshuddin
548348,Cuttack,KC Sangakkara,Barabati Stadium,0,Deccan Chargers,Pune Warriors,Deccan Chargers,bat,Deccan Chargers,runs,13,N,NA,Aleem Dar,AK Chaudhary
548349,Jaipur,P Negi,Sawai Mansingh Stadium,0,Rajasthan Royals,Delhi Capitals ,Rajasthan Royals,bat,Delhi Capitals ,wickets,6,N,NA,JD Cloete,SJA Taufel
548350,Bangalore,Azhar Mahmood,M Chinnaswamy Stadium,0,Royal Challengers Bangalore,Kings XI Punjab,Kings XI Punjab,field,Kings XI Punjab,wickets,4,N,NA,BF Bowden,C Shamshuddin
548351,Pune,SL Malinga,Subrata Roy Sahara Stadium,0,Pune Warriors,Mumbai Indians,Mumbai Indians,bat,Mumbai Indians,runs,1,N,NA,Asad Rauf,S Asnani
548352,Chennai,SK Raina,"MA Chidambaram Stadium, Chepauk",0,Chennai Super Kings,Deccan Chargers,Chennai Super Kings,bat,Chennai Super Kings,runs,10,N,NA,HDPK Dharmasena,BNJ Oxenford
548353,Kolkata,SP Narine,Eden Gardens,0,Kolkata Knight Riders,Pune Warriors,Kolkata Knight Riders,bat,Kolkata Knight Riders,runs,7,N,NA,BF Bowden,SK Tarapore
548354,Chandigarh,SR Watson,"Punjab Cricket Association Stadium, Mohali",0,Kings XI Punjab,Rajasthan Royals,Rajasthan Royals,bat,Rajasthan Royals,runs,43,N,NA,JD Cloete,SJA Taufel
548355,Mumbai,DR Smith,Wankhede Stadium,0,Mumbai Indians,Chennai Super Kings,Mumbai Indians,field,Mumbai Indians,wickets,2,N,NA,Asad Rauf,S Asnani
548356,Bangalore,AB de Villiers,M Chinnaswamy Stadium,0,Royal Challengers Bangalore,Deccan Chargers,Royal Challengers Bangalore,field,Royal Challengers Bangalore,wickets,5,N,NA,HDPK Dharmasena,BNJ Oxenford
548357,Delhi,JH Kallis,Feroz Shah Kotla,0,Delhi Capitals ,Kolkata Knight Riders,Delhi Capitals ,bat,Kolkata Knight Riders,wickets,6,N,NA,JD Cloete,S Ravi
548358,Pune,SR Watson,Subrata Roy Sahara Stadium,0,Pune Warriors,Rajasthan Royals,Pune Warriors,bat,Rajasthan Royals,wickets,7,N,NA,Asad Rauf,BR Doctrove
548359,Hyderabad,Mandeep Singh,"Rajiv Gandhi International Stadium, Uppal",0,Deccan Chargers,Kings XI Punjab,Deccan Chargers,field,Kings XI Punjab,runs,25,N,NA,HDPK Dharmasena,BNJ Oxenford
548360,Mumbai,CH Gayle,Wankhede Stadium,0,Mumbai Indians,Royal Challengers Bangalore,Royal Challengers Bangalore,field,Royal Challengers Bangalore,wickets,9,N,NA,BF Bowden,VA Kulkarni
548361,Jaipur,BW Hilfenhaus,Sawai Mansingh Stadium,0,Rajasthan Royals,Chennai Super Kings,Chennai Super Kings,field,Chennai Super Kings,wickets,4,N,NA,BNJ Oxenford,C Shamshuddin
548362,Pune,CH Gayle,Subrata Roy Sahara Stadium,0,Pune Warriors,Royal Challengers Bangalore,Pune Warriors,field,Royal Challengers Bangalore,runs,35,N,NA,BF Bowden,SK Tarapore
548363,Kolkata,RG Sharma,Eden Gardens,0,Kolkata Knight Riders,Mumbai Indians,Mumbai Indians,bat,Mumbai Indians,runs,27,N,NA,S Ravi,SJA Taufel
548364,Chennai,BW Hilfenhaus,"MA Chidambaram Stadium, Chepauk",0,Chennai Super Kings,Delhi Capitals ,Chennai Super Kings,field,Chennai Super Kings,wickets,9,N,NA,S Das,BR Doctrove
548365,Jaipur,A Chandila,Sawai Mansingh Stadium,0,Rajasthan Royals,Pune Warriors,Rajasthan Royals,bat,Rajasthan Royals,runs,45,N,NA,BF Bowden,SK Tarapore
548366,Chandigarh,DJ Hussey,"Punjab Cricket Association Stadium, Mohali",0,Kings XI Punjab,Deccan Chargers,Deccan Chargers,bat,Kings XI Punjab,wickets,4,N,NA,HDPK Dharmasena,BNJ Oxenford
548367,Bangalore,AT Rayudu,M Chinnaswamy Stadium,0,Royal Challengers Bangalore,Mumbai Indians,Mumbai Indians,field,Mumbai Indians,wickets,5,N,NA,S Das,BR Doctrove
548368,Kolkata,MEK Hussey,Eden Gardens,0,Kolkata Knight Riders,Chennai Super Kings,Chennai Super Kings,field,Chennai Super Kings,wickets,5,N,NA,JD Cloete,SJA Taufel
548369,Delhi,UT Yadav,Feroz Shah Kotla,0,Delhi Capitals ,Kings XI Punjab,Kings XI Punjab,bat,Delhi Capitals ,wickets,5,N,NA,HDPK Dharmasena,BNJ Oxenford
548370,Mumbai,SP Narine,Wankhede Stadium,0,Mumbai Indians,Kolkata Knight Riders,Mumbai Indians,field,Kolkata Knight Riders,runs,32,N,NA,S Das,BR Doctrove
548371,Dharamsala,AC Gilchrist,Himachal Pradesh Cricket Association Stadium,0,Kings XI Punjab,Chennai Super Kings,Kings XI Punjab,field,Kings XI Punjab,wickets,6,N,NA,VA Kulkarni,SK Tarapore
548372,Delhi,CH Gayle,Feroz Shah Kotla,0,Delhi Capitals ,Royal Challengers Bangalore,Delhi Capitals ,field,Royal Challengers Bangalore,runs,21,N,NA,HDPK Dharmasena,C Shamshuddin
548373,Hyderabad,DW Steyn,"Rajiv Gandhi International Stadium, Uppal",0,Deccan Chargers,Rajasthan Royals,Rajasthan Royals,bat,Deccan Chargers,wickets,5,N,NA,S Ravi,SJA Taufel
548374,Dharamsala,UT Yadav,Himachal Pradesh Cricket Association Stadium,0,Kings XI Punjab,Delhi Capitals ,Delhi Capitals ,field,Delhi Capitals ,wickets,6,N,NA,BF Bowden,VA Kulkarni
548375,Pune,Shakib Al Hasan,Subrata Roy Sahara Stadium,0,Pune Warriors,Kolkata Knight Riders,Kolkata Knight Riders,bat,Kolkata Knight Riders,runs,34,N,NA,S Asnani,BR Doctrove
548376,Hyderabad,DW Steyn,"Rajiv Gandhi International Stadium, Uppal",0,Deccan Chargers,Royal Challengers Bangalore,Royal Challengers Bangalore,field,Deccan Chargers,runs,9,N,NA,S Ravi,SJA Taufel
548377,Jaipur,DR Smith,Sawai Mansingh Stadium,0,Rajasthan Royals,Mumbai Indians,Rajasthan Royals,bat,Mumbai Indians,wickets,10,N,NA,HDPK Dharmasena,C Shamshuddin
548378,Pune,YK Pathan,Subrata Roy Sahara Stadium,0,Delhi Capitals ,Kolkata Knight Riders,Kolkata Knight Riders,bat,Kolkata Knight Riders,runs,18,N,NA,BR Doctrove,SJA Taufel
548379,Bangalore,MS Dhoni,M Chinnaswamy Stadium,0,Chennai Super Kings,Mumbai Indians,Mumbai Indians,field,Chennai Super Kings,runs,38,N,NA,BF Bowden,HDPK Dharmasena
548380,Chennai,M Vijay,"MA Chidambaram Stadium, Chepauk",0,Delhi Capitals ,Chennai Super Kings,Delhi Capitals ,field,Chennai Super Kings,runs,86,N,NA,BR Doctrove,SJA Taufel
548381,Chennai,MS Bisla,"MA Chidambaram Stadium, Chepauk",0,Kolkata Knight Riders,Chennai Super Kings,Chennai Super Kings,bat,Kolkata Knight Riders,wickets,5,N,NA,BF Bowden,SJA Taufel
597998,Kolkata,SP Narine,Eden Gardens,0,Kolkata Knight Riders,Delhi Capitals ,Kolkata Knight Riders,field,Kolkata Knight Riders,wickets,6,N,NA,S Ravi,SJA Taufel
597999,Bangalore,CH Gayle,M Chinnaswamy Stadium,0,Royal Challengers Bangalore,Mumbai Indians,Mumbai Indians,field,Royal Challengers Bangalore,runs,2,N,NA,VA Kulkarni,C Shamshuddin
598000,Hyderabad,A Mishra,"Rajiv Gandhi International Stadium, Uppal",0,Sunrisers Hyderabad,Pune Warriors,Pune Warriors,field,Sunrisers Hyderabad,runs,22,N,NA,S Ravi,SJA Taufel
598001,Delhi,R Dravid,Feroz Shah Kotla,0,Delhi Capitals ,Rajasthan Royals,Rajasthan Royals,bat,Rajasthan Royals,runs,5,N,NA,S Das,C Shamshuddin
598002,Chennai,KA Pollard,"MA Chidambaram Stadium, Chepauk",0,Chennai Super Kings,Mumbai Indians,Mumbai Indians,bat,Mumbai Indians,runs,9,N,NA,M Erasmus,VA Kulkarni
598003,Pune,M Vohra,Subrata Roy Sahara Stadium,0,Pune Warriors,Kings XI Punjab,Pune Warriors,bat,Kings XI Punjab,wickets,8,N,NA,S Asnani,SJA Taufel
598004,Hyderabad,GH Vihari,"Rajiv Gandhi International Stadium, Uppal",0,Sunrisers Hyderabad,Royal Challengers Bangalore,Royal Challengers Bangalore,bat,Sunrisers Hyderabad,tie,NA,Y,NA,AK Chaudhary,S Ravi
598005,Jaipur,SK Trivedi,Sawai Mansingh Stadium,0,Rajasthan Royals,Kolkata Knight Riders,Kolkata Knight Riders,field,Rajasthan Royals,runs,19,N,NA,Aleem Dar,S Das
598006,Mumbai,KD Karthik,Wankhede Stadium,0,Mumbai Indians,Delhi Capitals ,Mumbai Indians,bat,Mumbai Indians,runs,44,N,NA,M Erasmus,VA Kulkarni
598007,Chandigarh,MEK Hussey,"Punjab Cricket Association Stadium, Mohali",0,Kings XI Punjab,Chennai Super Kings,Chennai Super Kings,field,Chennai Super Kings,wickets,10,N,NA,Aleem Dar,C Shamshuddin
598008,Bangalore,CH Gayle,M Chinnaswamy Stadium,0,Royal Challengers Bangalore,Kolkata Knight Riders,Royal Challengers Bangalore,field,Royal Challengers Bangalore,wickets,8,N,NA,Asad Rauf,AK Chaudhary
598009,Pune,AJ Finch,Subrata Roy Sahara Stadium,0,Pune Warriors,Rajasthan Royals,Rajasthan Royals,bat,Pune Warriors,wickets,7,N,NA,M Erasmus,K Srinath
598010,Delhi,A Mishra,Feroz Shah Kotla,0,Delhi Capitals ,Sunrisers Hyderabad,Delhi Capitals ,bat,Sunrisers Hyderabad,wickets,3,N,NA,Aleem Dar,Subroto Das
598011,Mumbai,RG Sharma,Wankhede Stadium,0,Mumbai Indians,Pune Warriors,Mumbai Indians,bat,Mumbai Indians,runs,41,N,NA,S Ravi,SJA Taufel
598012,Chennai,RA Jadeja,"MA Chidambaram Stadium, Chepauk",0,Chennai Super Kings,Royal Challengers Bangalore,Chennai Super Kings,field,Chennai Super Kings,wickets,4,N,NA,Asad Rauf,AK Chaudhary
598013,Kolkata,G Gambhir,Eden Gardens,0,Kolkata Knight Riders,Sunrisers Hyderabad,Kolkata Knight Riders,bat,Kolkata Knight Riders,runs,48,N,NA,M Erasmus,VA Kulkarni
598014,Jaipur,JP Faulkner,Sawai Mansingh Stadium,0,Rajasthan Royals,Kings XI Punjab,Rajasthan Royals,field,Rajasthan Royals,wickets,6,N,NA,Aleem Dar,C Shamshuddin
598015,Chennai,SPD Smith,"MA Chidambaram Stadium, Chepauk",0,Chennai Super Kings,Pune Warriors,Pune Warriors,bat,Pune Warriors,runs,24,N,NA,Asad Rauf,AK Chaudhary
598016,Chandigarh,MS Gony,"Punjab Cricket Association Stadium, Mohali",0,Kings XI Punjab,Kolkata Knight Riders,Kolkata Knight Riders,field,Kings XI Punjab,runs,4,N,NA,CK Nandan,SJA Taufel
598017,Bangalore,V Kohli,M Chinnaswamy Stadium,0,Royal Challengers Bangalore,Delhi Capitals ,Royal Challengers Bangalore,field,Royal Challengers Bangalore,tie,NA,Y,NA,M Erasmus,VA Kulkarni
598018,Pune,A Mishra,Subrata Roy Sahara Stadium,0,Pune Warriors,Sunrisers Hyderabad,Pune Warriors,field,Sunrisers Hyderabad,runs,11,N,NA,Asad Rauf,AK Chaudhary
598019,Jaipur,AM Rahane,Sawai Mansingh Stadium,0,Rajasthan Royals,Mumbai Indians,Rajasthan Royals,bat,Rajasthan Royals,runs,87,N,NA,Aleem Dar,C Shamshuddin
598020,Delhi,MEK Hussey,Feroz Shah Kotla,0,Delhi Capitals ,Chennai Super Kings,Chennai Super Kings,bat,Chennai Super Kings,runs,86,N,NA,M Erasmus,VA Kulkarni
598021,Hyderabad,GH Vihari,"Rajiv Gandhi International Stadium, Uppal",0,Sunrisers Hyderabad,Kings XI Punjab,Kings XI Punjab,bat,Sunrisers Hyderabad,wickets,5,N,NA,HDPK Dharmasena,CK Nandan
598022,Kolkata,RA Jadeja,Eden Gardens,0,Kolkata Knight Riders,Chennai Super Kings,Kolkata Knight Riders,bat,Chennai Super Kings,wickets,4,N,NA,Asad Rauf,AK Chaudhary
598023,Bangalore,R Vinay Kumar,M Chinnaswamy Stadium,0,Royal Challengers Bangalore,Rajasthan Royals,Royal Challengers Bangalore,field,Royal Challengers Bangalore,wickets,7,N,NA,Aleem Dar,C Shamshuddin
598024,Delhi,V Sehwag,Feroz Shah Kotla,0,Delhi Capitals ,Mumbai Indians,Mumbai Indians,bat,Delhi Capitals ,wickets,9,N,NA,HDPK Dharmasena,S Ravi
598025,Chandigarh,DA Miller,"Punjab Cricket Association Stadium, Mohali",0,Kings XI Punjab,Pune Warriors,Kings XI Punjab,field,Kings XI Punjab,wickets,7,N,NA,M Erasmus,K Srinath
598026,Chennai,MEK Hussey,"MA Chidambaram Stadium, Chepauk",0,Chennai Super Kings,Rajasthan Royals,Rajasthan Royals,bat,Chennai Super Kings,wickets,5,N,NA,S Asnani,AK Chaudhary
598027,Bangalore,CH Gayle,M Chinnaswamy Stadium,0,Royal Challengers Bangalore,Pune Warriors,Pune Warriors,field,Royal Challengers Bangalore,runs,130,N,NA,Aleem Dar,C Shamshuddin
598028,Dharamsala,DA Miller,Himachal Pradesh Cricket Association Stadium,0,Kings XI Punjab,Delhi Capitals ,Delhi Capitals ,field,Kings XI Punjab,runs,7,N,NA,HDPK Dharmasena,S Ravi
598029,Kolkata,DR Smith,Eden Gardens,0,Kolkata Knight Riders,Mumbai Indians,Kolkata Knight Riders,bat,Mumbai Indians,wickets,5,N,NA,HDPK Dharmasena,S Ravi
598030,Chennai,MS Dhoni,"MA Chidambaram Stadium, Chepauk",0,Chennai Super Kings,Sunrisers Hyderabad,Sunrisers Hyderabad,bat,Chennai Super Kings,wickets,5,N,NA,Aleem Dar,S Das
598031,Kolkata,JH Kallis,Eden Gardens,0,Kolkata Knight Riders,Kings XI Punjab,Kings XI Punjab,bat,Kolkata Knight Riders,wickets,6,N,NA,CK Nandan,S Ravi
598032,Jaipur,JP Faulkner,Sawai Mansingh Stadium,0,Rajasthan Royals,Sunrisers Hyderabad,Sunrisers Hyderabad,bat,Rajasthan Royals,wickets,8,N,NA,VA Kulkarni,K Srinath
598033,Mumbai,DR Smith,Wankhede Stadium,0,Mumbai Indians,Royal Challengers Bangalore,Mumbai Indians,bat,Mumbai Indians,runs,58,N,NA,Asad Rauf,S Asnani
598034,Chennai,MEK Hussey,"MA Chidambaram Stadium, Chepauk",0,Chennai Super Kings,Kolkata Knight Riders,Kolkata Knight Riders,field,Chennai Super Kings,runs,14,N,NA,Aleem Dar,SJA Taufel
598035,Raipur,DA Warner,Shaheed Veer Narayan Singh International Stadium,0,Delhi Capitals ,Pune Warriors,Pune Warriors,field,Delhi Capitals ,runs,15,N,NA,CK Nandan,S Ravi
598036,Jaipur,SV Samson,Sawai Mansingh Stadium,0,Rajasthan Royals,Royal Challengers Bangalore,Rajasthan Royals,field,Rajasthan Royals,wickets,4,N,NA,M Erasmus,K Srinath
598037,Mumbai,RG Sharma,Wankhede Stadium,0,Mumbai Indians,Kings XI Punjab,Mumbai Indians,bat,Mumbai Indians,runs,4,N,NA,Asad Rauf,AK Chaudhary
598038,Pune,MS Dhoni,Subrata Roy Sahara Stadium,0,Pune Warriors,Chennai Super Kings,Chennai Super Kings,bat,Chennai Super Kings,runs,37,N,NA,S Das,SJA Taufel
598039,Hyderabad,I Sharma,"Rajiv Gandhi International Stadium, Uppal",0,Sunrisers Hyderabad,Mumbai Indians,Mumbai Indians,bat,Sunrisers Hyderabad,wickets,7,N,NA,Asad Rauf,S Asnani
598040,Raipur,DA Warner,Shaheed Veer Narayan Singh International Stadium,0,Delhi Capitals ,Kolkata Knight Riders,Kolkata Knight Riders,bat,Delhi Capitals ,wickets,7,N,NA,HDPK Dharmasena,CK Nandan
598041,Chennai,SK Raina,"MA Chidambaram Stadium, Chepauk",0,Chennai Super Kings,Kings XI Punjab,Chennai Super Kings,bat,Chennai Super Kings,runs,15,N,NA,M Erasmus,VA Kulkarni
598042,Pune,AB de Villiers,Subrata Roy Sahara Stadium,0,Pune Warriors,Royal Challengers Bangalore,Royal Challengers Bangalore,bat,Royal Challengers Bangalore,runs,17,N,NA,Aleem Dar,C Shamshuddin
598043,Kolkata,YK Pathan,Eden Gardens,0,Kolkata Knight Riders,Rajasthan Royals,Rajasthan Royals,bat,Kolkata Knight Riders,wickets,8,N,NA,HDPK Dharmasena,CK Nandan
598044,Hyderabad,DJG Sammy,"Rajiv Gandhi International Stadium, Uppal",0,Sunrisers Hyderabad,Delhi Capitals ,Delhi Capitals ,bat,Sunrisers Hyderabad,wickets,6,N,NA,Asad Rauf,S Asnani
598045,Bangalore,AC Gilchrist,M Chinnaswamy Stadium,0,Royal Challengers Bangalore,Kings XI Punjab,Kings XI Punjab,field,Kings XI Punjab,wickets,7,N,NA,HDPK Dharmasena,S Ravi
598046,Mumbai,MG Johnson,Wankhede Stadium,0,Mumbai Indians,Chennai Super Kings,Mumbai Indians,bat,Mumbai Indians,runs,60,N,NA,HDPK Dharmasena,CK Nandan
598047,Jaipur,AM Rahane,Sawai Mansingh Stadium,0,Rajasthan Royals,Pune Warriors,Pune Warriors,bat,Rajasthan Royals,wickets,5,N,NA,C Shamshuddin,RJ Tucker
598048,Bangalore,V Kohli,M Chinnaswamy Stadium,0,Royal Challengers Bangalore,Sunrisers Hyderabad,Sunrisers Hyderabad,bat,Royal Challengers Bangalore,wickets,7,N,NA,S Ravi,SJA Taufel
598049,Jaipur,AM Rahane,Sawai Mansingh Stadium,0,Rajasthan Royals,Delhi Capitals ,Delhi Capitals ,bat,Rajasthan Royals,wickets,9,N,NA,Aleem Dar,RJ Tucker
598050,Mumbai,SR Tendulkar,Wankhede Stadium,0,Mumbai Indians,Kolkata Knight Riders,Mumbai Indians,bat,Mumbai Indians,runs,65,N,NA,HDPK Dharmasena,S Ravi
598051,Hyderabad,SK Raina,"Rajiv Gandhi International Stadium, Uppal",0,Sunrisers Hyderabad,Chennai Super Kings,Sunrisers Hyderabad,field,Chennai Super Kings,runs,77,N,NA,S Das,NJ Llong
598052,Chandigarh,KK Cooper,"Punjab Cricket Association Stadium, Mohali",0,Kings XI Punjab,Rajasthan Royals,Rajasthan Royals,field,Rajasthan Royals,wickets,8,N,NA,HDPK Dharmasena,S Ravi
598053,Pune,G Gambhir,Subrata Roy Sahara Stadium,0,Pune Warriors,Kolkata Knight Riders,Kolkata Knight Riders,bat,Kolkata Knight Riders,runs,46,N,NA,Asad Rauf,S Asnani
598054,Delhi,JD Unadkat,Feroz Shah Kotla,0,Delhi Capitals ,Royal Challengers Bangalore,Delhi Capitals ,field,Royal Challengers Bangalore,runs,4,N,NA,NJ Llong,K Srinath
598055,Pune,MG Johnson,Subrata Roy Sahara Stadium,0,Pune Warriors,Mumbai Indians,Pune Warriors,bat,Mumbai Indians,wickets,5,N,NA,Asad Rauf,AK Chaudhary
598056,Chandigarh,PA Patel,"Punjab Cricket Association Stadium, Mohali",0,Kings XI Punjab,Sunrisers Hyderabad,Kings XI Punjab,field,Sunrisers Hyderabad,runs,30,N,NA,S Das,RJ Tucker
598057,Ranchi,JH Kallis,JSCA International Stadium Complex,0,Kolkata Knight Riders,Royal Challengers Bangalore,Kolkata Knight Riders,field,Kolkata Knight Riders,wickets,5,N,NA,NJ Llong,K Srinath
598058,Jaipur,SR Watson,Sawai Mansingh Stadium,0,Rajasthan Royals,Chennai Super Kings,Rajasthan Royals,field,Rajasthan Royals,wickets,5,N,NA,HDPK Dharmasena,CK Nandan
598059,Delhi,Harmeet Singh,Feroz Shah Kotla,0,Delhi Capitals ,Kings XI Punjab,Kings XI Punjab,field,Kings XI Punjab,wickets,5,N,NA,VA Kulkarni,K Srinath
598060,Mumbai,KA Pollard,Wankhede Stadium,0,Mumbai Indians,Sunrisers Hyderabad,Sunrisers Hyderabad,bat,Mumbai Indians,wickets,7,N,NA,AK Chaudhary,SJA Taufel
598061,Ranchi,MK Pandey,JSCA International Stadium Complex,0,Kolkata Knight Riders,Pune Warriors,Kolkata Knight Riders,field,Pune Warriors,runs,7,N,NA,NJ Llong,K Srinath
598062,Chennai,MS Dhoni,"MA Chidambaram Stadium, Chepauk",0,Chennai Super Kings,Delhi Capitals ,Chennai Super Kings,bat,Chennai Super Kings,runs,33,N,NA,C Shamshuddin,RJ Tucker
598063,Mumbai,AP Tare,Wankhede Stadium,0,Mumbai Indians,Rajasthan Royals,Rajasthan Royals,field,Mumbai Indians,runs,14,N,NA,Asad Rauf,S Asnani
598064,Chandigarh,DA Miller,"Punjab Cricket Association Stadium, Mohali",0,Kings XI Punjab,Royal Challengers Bangalore,Kings XI Punjab,field,Kings XI Punjab,wickets,6,N,NA,VA Kulkarni,NJ Llong
598065,Hyderabad,A Mishra,"Rajiv Gandhi International Stadium, Uppal",0,Sunrisers Hyderabad,Rajasthan Royals,Sunrisers Hyderabad,bat,Sunrisers Hyderabad,runs,23,N,NA,Asad Rauf,AK Chaudhary
598066,Dharamsala,Azhar Mahmood,Himachal Pradesh Cricket Association Stadium,0,Kings XI Punjab,Mumbai Indians,Mumbai Indians,field,Kings XI Punjab,runs,50,N,NA,HDPK Dharmasena,CK Nandan
598067,Pune,LJ Wright,Subrata Roy Sahara Stadium,0,Pune Warriors,Delhi Capitals ,Pune Warriors,bat,Pune Warriors,runs,38,N,NA,NJ Llong,SJA Taufel
598068,Bangalore,V Kohli,M Chinnaswamy Stadium,0,Royal Challengers Bangalore,Chennai Super Kings,Chennai Super Kings,field,Royal Challengers Bangalore,runs,24,N,NA,C Shamshuddin,RJ Tucker
598069,Hyderabad,PA Patel,"Rajiv Gandhi International Stadium, Uppal",0,Sunrisers Hyderabad,Kolkata Knight Riders,Kolkata Knight Riders,bat,Sunrisers Hyderabad,wickets,5,N,NA,Asad Rauf,S Asnani
598070,Delhi,MEK Hussey,Feroz Shah Kotla,0,Chennai Super Kings,Mumbai Indians,Chennai Super Kings,bat,Chennai Super Kings,runs,48,N,NA,NJ Llong,RJ Tucker
598071,Delhi,BJ Hodge,Feroz Shah Kotla,0,Rajasthan Royals,Sunrisers Hyderabad,Sunrisers Hyderabad,bat,Rajasthan Royals,wickets,4,N,NA,S Ravi,RJ Tucker
598072,Kolkata,Harbhajan Singh,Eden Gardens,0,Mumbai Indians,Rajasthan Royals,Rajasthan Royals,bat,Mumbai Indians,wickets,4,N,NA,C Shamshuddin,SJA Taufel
598073,Kolkata,KA Pollard,Eden Gardens,0,Chennai Super Kings,Mumbai Indians,Mumbai Indians,bat,Mumbai Indians,runs,23,N,NA,HDPK Dharmasena,SJA Taufel
729279,Abu Dhabi,JH Kallis,Sheikh Zayed Stadium,1,Mumbai Indians,Kolkata Knight Riders,Kolkata Knight Riders,bat,Kolkata Knight Riders,runs,41,N,NA,M Erasmus,RK Illingworth
729281,NA,YS Chahal,Sharjah Cricket Stadium,1,Delhi Capitals ,Royal Challengers Bangalore,Royal Challengers Bangalore,field,Royal Challengers Bangalore,wickets,8,N,NA,Aleem Dar,S Ravi
729283,Abu Dhabi,GJ Maxwell,Sheikh Zayed Stadium,1,Chennai Super Kings,Kings XI Punjab,Chennai Super Kings,bat,Kings XI Punjab,wickets,6,N,NA,RK Illingworth,C Shamshuddin
729285,Abu Dhabi,AM Rahane,Sheikh Zayed Stadium,1,Sunrisers Hyderabad,Rajasthan Royals,Rajasthan Royals,field,Rajasthan Royals,wickets,4,N,NA,BF Bowden,RK Illingworth
729287,NA,PA Patel,Dubai International Cricket Stadium,1,Royal Challengers Bangalore,Mumbai Indians,Royal Challengers Bangalore,field,Royal Challengers Bangalore,wickets,7,N,NA,Aleem Dar,AK Chaudhary
729289,NA,JP Duminy,Dubai International Cricket Stadium,1,Kolkata Knight Riders,Delhi Capitals ,Kolkata Knight Riders,bat,Delhi Capitals ,wickets,4,N,NA,Aleem Dar,VA Kulkarni
729291,NA,GJ Maxwell,Sharjah Cricket Stadium,1,Rajasthan Royals,Kings XI Punjab,Kings XI Punjab,field,Kings XI Punjab,wickets,7,N,NA,BF Bowden,M Erasmus
729293,Abu Dhabi,SK Raina,Sheikh Zayed Stadium,1,Chennai Super Kings,Delhi Capitals ,Chennai Super Kings,bat,Chennai Super Kings,runs,93,N,NA,RK Illingworth,C Shamshuddin
729295,NA,GJ Maxwell,Sharjah Cricket Stadium,1,Kings XI Punjab,Sunrisers Hyderabad,Sunrisers Hyderabad,field,Kings XI Punjab,runs,72,N,NA,M Erasmus,S Ravi
729297,NA,RA Jadeja,Dubai International Cricket Stadium,1,Rajasthan Royals,Chennai Super Kings,Rajasthan Royals,field,Chennai Super Kings,runs,7,N,NA,HDPK Dharmasena,RK Illingworth
729299,NA,CA Lynn,Sharjah Cricket Stadium,1,Royal Challengers Bangalore,Kolkata Knight Riders,Royal Challengers Bangalore,field,Kolkata Knight Riders,runs,2,N,NA,Aleem Dar,VA Kulkarni
729301,NA,AJ Finch,Dubai International Cricket Stadium,1,Sunrisers Hyderabad,Delhi Capitals ,Sunrisers Hyderabad,bat,Sunrisers Hyderabad,runs,4,N,NA,M Erasmus,S Ravi
729303,NA,MM Sharma,Dubai International Cricket Stadium,1,Chennai Super Kings,Mumbai Indians,Mumbai Indians,bat,Chennai Super Kings,wickets,7,N,NA,BF Bowden,M Erasmus
729305,Abu Dhabi,PV Tambe,Sheikh Zayed Stadium,1,Rajasthan Royals,Royal Challengers Bangalore,Rajasthan Royals,field,Rajasthan Royals,wickets,6,N,NA,HDPK Dharmasena,C Shamshuddin
729307,Abu Dhabi,Sandeep Sharma,Sheikh Zayed Stadium,1,Kolkata Knight Riders,Kings XI Punjab,Kolkata Knight Riders,field,Kings XI Punjab,runs,23,N,NA,HDPK Dharmasena,RK Illingworth
729309,NA,M Vijay,Sharjah Cricket Stadium,1,Delhi Capitals ,Mumbai Indians,Mumbai Indians,bat,Delhi Capitals ,wickets,6,N,NA,Aleem Dar,VA Kulkarni
729311,NA,DR Smith,Sharjah Cricket Stadium,1,Sunrisers Hyderabad,Chennai Super Kings,Sunrisers Hyderabad,bat,Chennai Super Kings,wickets,5,N,NA,AK Chaudhary,VA Kulkarni
729313,NA,Sandeep Sharma,Dubai International Cricket Stadium,1,Kings XI Punjab,Royal Challengers Bangalore,Kings XI Punjab,field,Kings XI Punjab,wickets,5,N,NA,BF Bowden,S Ravi
729315,Abu Dhabi,JP Faulkner,Sheikh Zayed Stadium,1,Kolkata Knight Riders,Rajasthan Royals,Rajasthan Royals,bat,Rajasthan Royals,tie,NA,Y,NA,Aleem Dar,AK Chaudhary
729317,NA,B Kumar,Dubai International Cricket Stadium,1,Mumbai Indians,Sunrisers Hyderabad,Mumbai Indians,field,Sunrisers Hyderabad,runs,15,N,NA,HDPK Dharmasena,M Erasmus
733971,Ranchi,RA Jadeja,JSCA International Stadium Complex,0,Chennai Super Kings,Kolkata Knight Riders,Chennai Super Kings,bat,Chennai Super Kings,runs,34,N,NA,AK Chaudhary,NJ Llong
733973,Mumbai,CJ Anderson,Wankhede Stadium,0,Mumbai Indians,Kings XI Punjab,Kings XI Punjab,bat,Mumbai Indians,wickets,5,N,NA,BNJ Oxenford,C Shamshuddin
733975,Delhi,KK Nair,Feroz Shah Kotla,0,Delhi Capitals ,Rajasthan Royals,Rajasthan Royals,field,Rajasthan Royals,wickets,7,N,NA,SS Hazare,S Ravi
733977,Bangalore,AB de Villiers,M Chinnaswamy Stadium,0,Royal Challengers Bangalore,Sunrisers Hyderabad,Royal Challengers Bangalore,field,Royal Challengers Bangalore,wickets,4,N,NA,HDPK Dharmasena,VA Kulkarni
733979,Ahmedabad,PV Tambe,"Sardar Patel Stadium, Motera",0,Rajasthan Royals,Kolkata Knight Riders,Kolkata Knight Riders,field,Rajasthan Royals,runs,10,N,NA,NJ Llong,CK Nandan
733981,Delhi,DR Smith,Feroz Shah Kotla,0,Delhi Capitals ,Chennai Super Kings,Chennai Super Kings,field,Chennai Super Kings,wickets,8,N,NA,RM Deshpande,BNJ Oxenford
733983,Mumbai,RG Sharma,Wankhede Stadium,0,Mumbai Indians,Royal Challengers Bangalore,Royal Challengers Bangalore,field,Mumbai Indians,runs,19,N,NA,S Ravi,K Srinath
733985,Delhi,G Gambhir,Feroz Shah Kotla,0,Delhi Capitals ,Kolkata Knight Riders,Delhi Capitals ,bat,Kolkata Knight Riders,wickets,8,N,NA,BNJ Oxenford,C Shamshuddin
733987,Cuttack,GJ Maxwell,Barabati Stadium,0,Kings XI Punjab,Chennai Super Kings,Chennai Super Kings,field,Kings XI Punjab,runs,44,N,NA,HDPK Dharmasena,PG Pathak
733989,Ahmedabad,B Kumar,"Sardar Patel Stadium, Motera",0,Rajasthan Royals,Sunrisers Hyderabad,Rajasthan Royals,field,Sunrisers Hyderabad,runs,32,N,NA,AK Chaudhary,NJ Llong
733991,Bangalore,Sandeep Sharma,M Chinnaswamy Stadium,0,Royal Challengers Bangalore,Kings XI Punjab,Royal Challengers Bangalore,field,Kings XI Punjab,runs,32,N,NA,S Ravi,K Srinath
733993,Delhi,DW Steyn,Feroz Shah Kotla,0,Delhi Capitals ,Sunrisers Hyderabad,Sunrisers Hyderabad,field,Sunrisers Hyderabad,wickets,8,N,D/L,RM Deshpande,BNJ Oxenford
733995,Mumbai,DR Smith,Wankhede Stadium,0,Mumbai Indians,Chennai Super Kings,Chennai Super Kings,field,Chennai Super Kings,wickets,4,N,NA,HDPK Dharmasena,VA Kulkarni
733997,Cuttack,G Gambhir,Barabati Stadium,0,Kings XI Punjab,Kolkata Knight Riders,Kolkata Knight Riders,field,Kolkata Knight Riders,wickets,9,N,NA,NJ Llong,CK Nandan
733999,Bangalore,JP Faulkner,M Chinnaswamy Stadium,0,Royal Challengers Bangalore,Rajasthan Royals,Royal Challengers Bangalore,bat,Rajasthan Royals,wickets,5,N,NA,S Ravi,RJ Tucker
734001,Hyderabad,AT Rayudu,"Rajiv Gandhi International Stadium, Uppal",0,Sunrisers Hyderabad,Mumbai Indians,Sunrisers Hyderabad,bat,Mumbai Indians,wickets,7,N,NA,HDPK Dharmasena,VA Kulkarni
734003,Ranchi,RA Jadeja,JSCA International Stadium Complex,0,Chennai Super Kings,Rajasthan Royals,Rajasthan Royals,bat,Chennai Super Kings,wickets,5,N,NA,BNJ Oxenford,C Shamshuddin
734005,Bangalore,Yuvraj Singh,M Chinnaswamy Stadium,0,Royal Challengers Bangalore,Delhi Capitals ,Delhi Capitals ,field,Royal Challengers Bangalore,runs,16,N,NA,K Srinath,RJ Tucker
734007,Hyderabad,WP Saha,"Rajiv Gandhi International Stadium, Uppal",0,Sunrisers Hyderabad,Kings XI Punjab,Kings XI Punjab,field,Kings XI Punjab,wickets,6,N,NA,VA Kulkarni,PG Pathak
734009,Cuttack,RV Uthappa,Barabati Stadium,0,Kolkata Knight Riders,Mumbai Indians,Kolkata Knight Riders,field,Kolkata Knight Riders,wickets,6,N,NA,AK Chaudhary,NJ Llong
734011,Ahmedabad,AM Rahane,"Sardar Patel Stadium, Motera",0,Rajasthan Royals,Delhi Capitals ,Delhi Capitals ,field,Rajasthan Royals,runs,62,N,NA,S Ravi,RJ Tucker
734013,Ranchi,AB de Villiers,JSCA International Stadium Complex,0,Chennai Super Kings,Royal Challengers Bangalore,Chennai Super Kings,bat,Royal Challengers Bangalore,wickets,5,N,NA,BNJ Oxenford,C Shamshuddin
734015,Hyderabad,UT Yadav,"Rajiv Gandhi International Stadium, Uppal",0,Sunrisers Hyderabad,Kolkata Knight Riders,Sunrisers Hyderabad,bat,Kolkata Knight Riders,wickets,7,N,NA,NJ Llong,CK Nandan
734017,Ahmedabad,MEK Hussey,"Sardar Patel Stadium, Motera",0,Rajasthan Royals,Mumbai Indians,Mumbai Indians,bat,Mumbai Indians,runs,25,N,NA,S Ravi,RJ Tucker
734019,Delhi,AR Patel,Feroz Shah Kotla,0,Delhi Capitals ,Kings XI Punjab,Kings XI Punjab,field,Kings XI Punjab,wickets,4,N,NA,HDPK Dharmasena,PG Pathak
734021,Hyderabad,DA Warner,"Rajiv Gandhi International Stadium, Uppal",0,Sunrisers Hyderabad,Royal Challengers Bangalore,Royal Challengers Bangalore,bat,Sunrisers Hyderabad,wickets,7,N,NA,AK Chaudhary,NJ Llong
734023,Kolkata,RV Uthappa,Eden Gardens,0,Kolkata Knight Riders,Chennai Super Kings,Kolkata Knight Riders,field,Kolkata Knight Riders,wickets,8,N,NA,RM Deshpande,C Shamshuddin
734025,Chandigarh,LMP Simmons,"Punjab Cricket Association Stadium, Mohali",0,Kings XI Punjab,Mumbai Indians,Mumbai Indians,field,Mumbai Indians,wickets,7,N,NA,HDPK Dharmasena,VA Kulkarni
734027,Kolkata,RV Uthappa,Eden Gardens,0,Kolkata Knight Riders,Royal Challengers Bangalore,Royal Challengers Bangalore,field,Kolkata Knight Riders,runs,30,N,NA,AK Chaudhary,CK Nandan
734029,Ranchi,DA Warner,JSCA International Stadium Complex,0,Chennai Super Kings,Sunrisers Hyderabad,Sunrisers Hyderabad,field,Sunrisers Hyderabad,wickets,6,N,NA,BNJ Oxenford,C Shamshuddin
734031,Mumbai,MEK Hussey,Wankhede Stadium,0,Mumbai Indians,Delhi Capitals ,Delhi Capitals ,field,Mumbai Indians,runs,15,N,NA,S Ravi,RJ Tucker
734033,Chandigarh,SE Marsh,"Punjab Cricket Association Stadium, Mohali",0,Kings XI Punjab,Rajasthan Royals,Rajasthan Royals,field,Kings XI Punjab,runs,16,N,NA,HDPK Dharmasena,PG Pathak
734035,Bangalore,MS Dhoni,M Chinnaswamy Stadium,0,Royal Challengers Bangalore,Chennai Super Kings,Chennai Super Kings,field,Chennai Super Kings,wickets,8,N,NA,AK Chaudhary,NJ Llong
734037,Kolkata,YK Pathan,Eden Gardens,0,Kolkata Knight Riders,Sunrisers Hyderabad,Kolkata Knight Riders,field,Kolkata Knight Riders,wickets,4,N,NA,RM Deshpande,BNJ Oxenford
734039,Chandigarh,M Vohra,"Punjab Cricket Association Stadium, Mohali",0,Kings XI Punjab,Delhi Capitals ,Kings XI Punjab,field,Kings XI Punjab,wickets,7,N,NA,HDPK Dharmasena,VA Kulkarni
734041,Mumbai,CJ Anderson,Wankhede Stadium,0,Mumbai Indians,Rajasthan Royals,Mumbai Indians,field,Mumbai Indians,wickets,5,N,NA,K Srinath,RJ Tucker
734043,Kolkata,UT Yadav,Eden Gardens,0,Kings XI Punjab,Kolkata Knight Riders,Kings XI Punjab,field,Kolkata Knight Riders,runs,28,N,NA,NJ Llong,S Ravi
734045,Mumbai,SK Raina,Brabourne Stadium,0,Chennai Super Kings,Mumbai Indians,Chennai Super Kings,field,Chennai Super Kings,wickets,7,N,NA,VA Kulkarni,BNJ Oxenford
734047,Mumbai,V Sehwag,Wankhede Stadium,0,Chennai Super Kings,Kings XI Punjab,Chennai Super Kings,field,Kings XI Punjab,runs,24,N,NA,HDPK Dharmasena,RJ Tucker
734049,Bangalore,MK Pandey,M Chinnaswamy Stadium,0,Kolkata Knight Riders,Kings XI Punjab,Kolkata Knight Riders,field,Kolkata Knight Riders,wickets,3,N,NA,HDPK Dharmasena,BNJ Oxenford
829705,Kolkata,M Morkel,Eden Gardens,0,Kolkata Knight Riders,Mumbai Indians,Kolkata Knight Riders,field,Kolkata Knight Riders,wickets,7,N,NA,S Ravi,C Shamshuddin
829707,Chennai,A Nehra,"MA Chidambaram Stadium, Chepauk",0,Chennai Super Kings,Delhi Capitals ,Delhi Capitals ,field,Chennai Super Kings,runs,1,N,NA,RK Illingworth,VA Kulkarni
829709,Pune,JP Faulkner,Maharashtra Cricket Association Stadium,0,Kings XI Punjab,Rajasthan Royals,Kings XI Punjab,field,Rajasthan Royals,runs,26,N,NA,SD Fry,CB Gaffaney
829711,Chennai,BB McCullum,"MA Chidambaram Stadium, Chepauk",0,Chennai Super Kings,Sunrisers Hyderabad,Chennai Super Kings,bat,Chennai Super Kings,runs,45,N,NA,RK Illingworth,VA Kulkarni
829713,Kolkata,CH Gayle,Eden Gardens,0,Kolkata Knight Riders,Royal Challengers Bangalore,Royal Challengers Bangalore,field,Royal Challengers Bangalore,wickets,3,N,NA,S Ravi,C Shamshuddin
829715,Delhi,DJ Hooda,Feroz Shah Kotla,0,Delhi Capitals ,Rajasthan Royals,Rajasthan Royals,field,Rajasthan Royals,wickets,3,N,NA,SD Fry,CB Gaffaney
829717,Mumbai,GJ Bailey,Wankhede Stadium,0,Mumbai Indians,Kings XI Punjab,Mumbai Indians,field,Kings XI Punjab,runs,18,N,NA,AK Chaudhary,K Srinivasan
829719,Bangalore,DA Warner,M Chinnaswamy Stadium,0,Royal Challengers Bangalore,Sunrisers Hyderabad,Sunrisers Hyderabad,field,Sunrisers Hyderabad,wickets,8,N,NA,RM Deshpande,RK Illingworth
829721,Ahmedabad,SPD Smith,"Sardar Patel Stadium, Motera",0,Rajasthan Royals,Mumbai Indians,Mumbai Indians,bat,Rajasthan Royals,wickets,7,N,NA,AK Chaudhary,SD Fry
829723,Kolkata,AD Russell,Eden Gardens,0,Kolkata Knight Riders,Chennai Super Kings,Kolkata Knight Riders,field,Kolkata Knight Riders,wickets,7,N,NA,AK Chaudhary,M Erasmus
829725,Pune,MA Agarwal,Maharashtra Cricket Association Stadium,0,Kings XI Punjab,Delhi Capitals ,Kings XI Punjab,bat,Delhi Capitals ,wickets,5,N,NA,CB Gaffaney,K Srinath
829727,Visakhapatnam,AM Rahane,Dr. Y.S. Rajasekhara Reddy ACA-VDCA Cricket Stadium,0,Sunrisers Hyderabad,Rajasthan Royals,Rajasthan Royals,field,Rajasthan Royals,wickets,6,N,NA,PG Pathak,S Ravi
829729,Mumbai,A Nehra,Wankhede Stadium,0,Mumbai Indians,Chennai Super Kings,Mumbai Indians,bat,Chennai Super Kings,wickets,6,N,NA,AK Chaudhary,M Erasmus
829731,Visakhapatnam,JP Duminy,Dr. Y.S. Rajasekhara Reddy ACA-VDCA Cricket Stadium,0,Sunrisers Hyderabad,Delhi Capitals ,Delhi Capitals ,bat,Delhi Capitals ,runs,4,N,NA,PG Pathak,S Ravi
829733,Pune,AD Russell,Maharashtra Cricket Association Stadium,0,Kings XI Punjab,Kolkata Knight Riders,Kolkata Knight Riders,field,Kolkata Knight Riders,wickets,4,N,NA,SD Fry,CK Nandan
829735,Ahmedabad,AM Rahane,"Sardar Patel Stadium, Motera",0,Rajasthan Royals,Chennai Super Kings,Chennai Super Kings,bat,Rajasthan Royals,wickets,8,N,NA,AK Chaudhary,M Erasmus
829737,Bangalore,Harbhajan Singh,M Chinnaswamy Stadium,0,Royal Challengers Bangalore,Mumbai Indians,Royal Challengers Bangalore,field,Mumbai Indians,runs,18,N,NA,RK Illingworth,VA Kulkarni
829739,Delhi,UT Yadav,Feroz Shah Kotla,0,Delhi Capitals ,Kolkata Knight Riders,Kolkata Knight Riders,field,Kolkata Knight Riders,wickets,6,N,NA,SD Fry,CB Gaffaney
829741,Ahmedabad,SE Marsh,"Sardar Patel Stadium, Motera",0,Rajasthan Royals,Kings XI Punjab,Kings XI Punjab,field,Kings XI Punjab,tie,NA,Y,NA,M Erasmus,S Ravi
829743,Visakhapatnam,DA Warner,Dr. Y.S. Rajasekhara Reddy ACA-VDCA Cricket Stadium,0,Sunrisers Hyderabad,Kolkata Knight Riders,Kolkata Knight Riders,field,Sunrisers Hyderabad,runs,16,N,D/L,RK Illingworth,VA Kulkarni
829745,Bangalore,SK Raina,M Chinnaswamy Stadium,0,Royal Challengers Bangalore,Chennai Super Kings,Royal Challengers Bangalore,field,Chennai Super Kings,runs,27,N,NA,JD Cloete,C Shamshuddin
829747,Delhi,SS Iyer,Feroz Shah Kotla,0,Delhi Capitals ,Mumbai Indians,Mumbai Indians,field,Delhi Capitals ,runs,37,N,NA,SD Fry,CK Nandan
829749,Ahmedabad,MA Starc,"Sardar Patel Stadium, Motera",0,Rajasthan Royals,Royal Challengers Bangalore,Royal Challengers Bangalore,field,Royal Challengers Bangalore,wickets,9,N,NA,M Erasmus,S Ravi
829751,Mumbai,SL Malinga,Wankhede Stadium,0,Mumbai Indians,Sunrisers Hyderabad,Mumbai Indians,bat,Mumbai Indians,runs,20,N,NA,HDPK Dharmasena,CB Gaffaney
829753,Chennai,BB McCullum,"MA Chidambaram Stadium, Chepauk",0,Chennai Super Kings,Kings XI Punjab,Chennai Super Kings,bat,Chennai Super Kings,runs,97,N,NA,JD Cloete,C Shamshuddin
829757,Delhi,VR Aaron,Feroz Shah Kotla,0,Delhi Capitals ,Royal Challengers Bangalore,Royal Challengers Bangalore,field,Royal Challengers Bangalore,wickets,10,N,NA,M Erasmus,S Ravi
829759,Chandigarh,TA Boult,"Punjab Cricket Association Stadium, Mohali",0,Kings XI Punjab,Sunrisers Hyderabad,Kings XI Punjab,field,Sunrisers Hyderabad,runs,20,N,NA,HDPK Dharmasena,CB Gaffaney
829761,Kolkata,PP Chawla,Eden Gardens,0,Kolkata Knight Riders,Delhi Capitals ,Kolkata Knight Riders,bat,Kolkata Knight Riders,runs,13,N,NA,AK Chaudhary,M Erasmus
829763,Bangalore,NA,M Chinnaswamy Stadium,0,Royal Challengers Bangalore,Rajasthan Royals,Rajasthan Royals,field,NA,NA,NA,NA,NA,JD Cloete,PG Pathak
829765,Chennai,DJ Bravo,"MA Chidambaram Stadium, Chepauk",0,Chennai Super Kings,Kolkata Knight Riders,Kolkata Knight Riders,field,Chennai Super Kings,runs,2,N,NA,RM Deshpande,VA Kulkarni
829767,Delhi,NM Coulter-Nile,Feroz Shah Kotla,0,Delhi Capitals ,Kings XI Punjab,Delhi Capitals ,field,Delhi Capitals ,wickets,9,N,NA,RK Illingworth,S Ravi
829769,Mumbai,AT Rayudu,Wankhede Stadium,0,Mumbai Indians,Rajasthan Royals,Rajasthan Royals,field,Mumbai Indians,runs,8,N,NA,HDPK Dharmasena,CK Nandan
829771,Bangalore,Mandeep Singh,M Chinnaswamy Stadium,0,Royal Challengers Bangalore,Kolkata Knight Riders,Royal Challengers Bangalore,field,Royal Challengers Bangalore,wickets,7,N,NA,JD Cloete,PG Pathak
829773,Hyderabad,DA Warner,"Rajiv Gandhi International Stadium, Uppal",0,Sunrisers Hyderabad,Chennai Super Kings,Chennai Super Kings,field,Sunrisers Hyderabad,runs,22,N,NA,AK Chaudhary,K Srinivasan
829775,Chandigarh,LMP Simmons,"Punjab Cricket Association Stadium, Mohali",0,Kings XI Punjab,Mumbai Indians,Mumbai Indians,bat,Mumbai Indians,runs,23,N,NA,RK Illingworth,VA Kulkarni
829777,Mumbai,AM Rahane,Brabourne Stadium,0,Rajasthan Royals,Delhi Capitals ,Delhi Capitals ,field,Rajasthan Royals,runs,14,N,NA,HDPK Dharmasena,CB Gaffaney
829779,Chennai,SK Raina,"MA Chidambaram Stadium, Chepauk",0,Chennai Super Kings,Royal Challengers Bangalore,Chennai Super Kings,bat,Chennai Super Kings,runs,24,N,NA,C Shamshuddin,K Srinath
829781,Kolkata,UT Yadav,Eden Gardens,0,Kolkata Knight Riders,Sunrisers Hyderabad,Sunrisers Hyderabad,field,Kolkata Knight Riders,runs,35,N,NA,AK Chaudhary,M Erasmus
829783,Mumbai,Harbhajan Singh,Wankhede Stadium,0,Mumbai Indians,Delhi Capitals ,Delhi Capitals ,bat,Mumbai Indians,wickets,5,N,NA,HDPK Dharmasena,CB Gaffaney
829785,Bangalore,CH Gayle,M Chinnaswamy Stadium,0,Royal Challengers Bangalore,Kings XI Punjab,Kings XI Punjab,field,Royal Challengers Bangalore,runs,138,N,NA,RK Illingworth,VA Kulkarni
829787,Mumbai,EJG Morgan,Brabourne Stadium,0,Rajasthan Royals,Sunrisers Hyderabad,Rajasthan Royals,field,Sunrisers Hyderabad,runs,7,N,NA,JD Cloete,C Shamshuddin
829789,Chennai,HH Pandya,"MA Chidambaram Stadium, Chepauk",0,Chennai Super Kings,Mumbai Indians,Chennai Super Kings,bat,Mumbai Indians,wickets,6,N,NA,CB Gaffaney,CK Nandan
829791,Kolkata,AD Russell,Eden Gardens,0,Kolkata Knight Riders,Kings XI Punjab,Kings XI Punjab,bat,Kolkata Knight Riders,wickets,1,N,NA,AK Chaudhary,HDPK Dharmasena
829793,Raipur,MC Henriques,Shaheed Veer Narayan Singh International Stadium,0,Delhi Capitals ,Sunrisers Hyderabad,Sunrisers Hyderabad,bat,Sunrisers Hyderabad,runs,6,N,NA,VA Kulkarni,S Ravi
980955,Rajkot,AR Patel,Saurashtra Cricket Association Stadium,0,Gujarat Lions,Kings XI Punjab,Gujarat Lions,field,Kings XI Punjab,runs,23,N,NA,BNJ Oxenford,VK Sharma
980957,Pune,RG Sharma,Maharashtra Cricket Association Stadium,0,Rising Pune Supergiants,Mumbai Indians,Mumbai Indians,field,Mumbai Indians,wickets,8,N,NA,AY Dandekar,RJ Tucker
980959,Bangalore,AD Russell,M Chinnaswamy Stadium,0,Royal Challengers Bangalore,Kolkata Knight Riders,Kolkata Knight Riders,field,Kolkata Knight Riders,wickets,5,N,NA,M Erasmus,S Ravi
980961,Rajkot,RR Pant,Saurashtra Cricket Association Stadium,0,Gujarat Lions,Delhi Capitals ,Delhi Capitals ,field,Delhi Capitals ,wickets,8,N,NA,CB Gaffaney,BNJ Oxenford
980963,Kolkata,AD Russell,Eden Gardens,0,Kolkata Knight Riders,Kings XI Punjab,Kings XI Punjab,field,Kolkata Knight Riders,runs,7,N,NA,AK Chaudhary,HDPK Dharmasena
980965,Delhi,AM Rahane,Feroz Shah Kotla,0,Delhi Capitals ,Rising Pune Supergiants,Rising Pune Supergiants,field,Rising Pune Supergiants,wickets,7,N,NA,C Shamshuddin,RJ Tucker
980967,Hyderabad,B Kumar,"Rajiv Gandhi International Stadium, Uppal",0,Sunrisers Hyderabad,Gujarat Lions,Sunrisers Hyderabad,field,Sunrisers Hyderabad,wickets,5,N,NA,M Erasmus,S Ravi
980969,Bangalore,V Kohli,M Chinnaswamy Stadium,0,Royal Challengers Bangalore,Rising Pune Supergiants,Royal Challengers Bangalore,field,Royal Challengers Bangalore,wickets,7,N,NA,CB Gaffaney,BNJ Oxenford
980971,Chandigarh,MP Stoinis,"Punjab Cricket Association IS Bindra Stadium, Mohali",0,Kings XI Punjab,Delhi Capitals ,Delhi Capitals ,field,Kings XI Punjab,runs,9,N,NA,HDPK Dharmasena,CK Nandan
980973,Visakhapatnam,A Nehra,Dr. Y.S. Rajasekhara Reddy ACA-VDCA Cricket Stadium,0,Mumbai Indians,Sunrisers Hyderabad,Mumbai Indians,field,Sunrisers Hyderabad,runs,85,N,NA,S Ravi,C Shamshuddin
980975,Kolkata,P Kumar,Eden Gardens,0,Kolkata Knight Riders,Gujarat Lions,Gujarat Lions,field,Gujarat Lions,wickets,5,N,NA,M Erasmus,RJ Tucker
980977,Chandigarh,SR Watson,"Punjab Cricket Association IS Bindra Stadium, Mohali",0,Kings XI Punjab,Royal Challengers Bangalore,Kings XI Punjab,field,Royal Challengers Bangalore,runs,1,N,NA,AK Chaudhary,HDPK Dharmasena
1082591,Hyderabad,Yuvraj Singh,"Rajiv Gandhi International Stadium, Uppal",0,Sunrisers Hyderabad,Royal Challengers Bangalore,Royal Challengers Bangalore,field,Sunrisers Hyderabad,runs,35,N,NA,AY Dandekar,NJ Llong
1082592,Pune,SPD Smith,Maharashtra Cricket Association Stadium,0,Rising Pune Supergiant,Mumbai Indians,Rising Pune Supergiant,field,Rising Pune Supergiant,wickets,7,N,NA,A Nand Kishore,S Ravi
1082593,Rajkot,CA Lynn,Saurashtra Cricket Association Stadium,0,Gujarat Lions,Kolkata Knight Riders,Kolkata Knight Riders,field,Kolkata Knight Riders,wickets,10,N,NA,Nitin Menon,CK Nandan
1082594,Indore,GJ Maxwell,Holkar Cricket Stadium,0,Kings XI Punjab,Rising Pune Supergiant,Kings XI Punjab,field,Kings XI Punjab,wickets,6,N,NA,AK Chaudhary,C Shamshuddin
1082595,Bengaluru,KM Jadhav,M.Chinnaswamy Stadium,0,Royal Challengers Bangalore,Delhi Capitals ,Royal Challengers Bangalore,bat,Royal Challengers Bangalore,runs,15,N,NA,S Ravi,VK Sharma
1082596,Hyderabad,Rashid Khan,"Rajiv Gandhi International Stadium, Uppal",0,Sunrisers Hyderabad,Gujarat Lions,Sunrisers Hyderabad,field,Sunrisers Hyderabad,wickets,9,N,NA,A Deshmukh,NJ Llong
1082597,Mumbai,N Rana,Wankhede Stadium,0,Mumbai Indians,Kolkata Knight Riders,Mumbai Indians,field,Mumbai Indians,wickets,4,N,NA,Nitin Menon,CK Nandan
1082628,Mumbai,RG Sharma,Wankhede Stadium,0,Mumbai Indians,Royal Challengers Bangalore,Royal Challengers Bangalore,bat,Mumbai Indians,wickets,5,N,NA,AK Chaudhary,CB Gaffaney
1082629,Pune,BA Stokes,Maharashtra Cricket Association Stadium,0,Rising Pune Supergiant,Gujarat Lions,Rising Pune Supergiant,field,Rising Pune Supergiant,wickets,5,N,NA,M Erasmus,C Shamshuddin
1082630,Delhi,Mohammed Shami,Feroz Shah Kotla,0,Delhi Capitals ,Sunrisers Hyderabad,Delhi Capitals ,field,Delhi Capitals ,wickets,6,N,NA,YC Barde,Nitin Menon
1082631,Kolkata,RA Tripathi,Eden Gardens,0,Kolkata Knight Riders,Rising Pune Supergiant,Rising Pune Supergiant,field,Rising Pune Supergiant,wickets,4,N,NA,KN Ananthapadmanabhan,A Nand Kishore
1082632,Delhi,RR Pant,Feroz Shah Kotla,0,Delhi Capitals ,Gujarat Lions,Delhi Capitals ,field,Delhi Capitals ,wickets,7,N,NA,M Erasmus,Nitin Menon
1082633,Bangalore,Sandeep Sharma,M Chinnaswamy Stadium,0,Royal Challengers Bangalore,Kings XI Punjab,Royal Challengers Bangalore,field,Kings XI Punjab,runs,19,N,NA,CB Gaffaney,C Shamshuddin
1082634,Hyderabad,JD Unadkat,"Rajiv Gandhi International Stadium, Uppal",0,Sunrisers Hyderabad,Rising Pune Supergiant,Sunrisers Hyderabad,field,Rising Pune Supergiant,runs,12,N,NA,KN Ananthapadmanabhan,AK Chaudhary
1082635,Delhi,LMP Simmons,Feroz Shah Kotla,0,Delhi Capitals ,Mumbai Indians,Delhi Capitals ,field,Mumbai Indians,runs,146,N,NA,Nitin Menon,CK Nandan
1082636,Bangalore,SP Narine,M Chinnaswamy Stadium,0,Royal Challengers Bangalore,Kolkata Knight Riders,Kolkata Knight Riders,field,Kolkata Knight Riders,wickets,6,N,NA,AY Dandekar,C Shamshuddin
1082637,Chandigarh,DR Smith,"Punjab Cricket Association IS Bindra Stadium, Mohali",0,Kings XI Punjab,Gujarat Lions,Gujarat Lions,field,Gujarat Lions,wickets,6,N,NA,A Nand Kishore,VK Sharma
1082638,Hyderabad,S Dhawan,"Rajiv Gandhi International Stadium, Uppal",0,Sunrisers Hyderabad,Mumbai Indians,Mumbai Indians,bat,Sunrisers Hyderabad,wickets,7,N,NA,KN Ananthapadmanabhan,M Erasmus
1082639,Chandigarh,MM Sharma,"Punjab Cricket Association IS Bindra Stadium, Mohali",0,Kings XI Punjab,Kolkata Knight Riders,Kolkata Knight Riders,field,Kings XI Punjab,runs,14,N,NA,A Nand Kishore,S Ravi
1136561,Mumbai,DJ Bravo,Wankhede Stadium,0,Mumbai Indians,Chennai Super Kings,Chennai Super Kings,field,Chennai Super Kings,wickets,1,N,NA,CB Gaffaney,A Nand Kishore
1136562,Chandigarh,KL Rahul,"Punjab Cricket Association IS Bindra Stadium, Mohali",0,Kings XI Punjab,Delhi Capitals ,Kings XI Punjab,field,Kings XI Punjab,wickets,6,N,NA,KN Ananthapadmanabhan,RJ Tucker
1136563,Kolkata,SP Narine,Eden Gardens,0,Kolkata Knight Riders,Royal Challengers Bangalore,Kolkata Knight Riders,field,Kolkata Knight Riders,wickets,4,N,NA,C Shamshuddin,A Deshmukh
1136564,Hyderabad,S Dhawan,"Rajiv Gandhi International Stadium, Uppal",0,Sunrisers Hyderabad,Rajasthan Royals,Sunrisers Hyderabad,field,Sunrisers Hyderabad,wickets,9,N,NA,VA Kulkarni,NJ Llong
1136591,Bengaluru,TG Southee,M.Chinnaswamy Stadium,0,Royal Challengers Bangalore,Mumbai Indians,Mumbai Indians,field,Royal Challengers Bangalore,runs,14,N,NA,M Erasmus,Nitin Menon
1136592,Delhi,RR Pant,Feroz Shah Kotla,0,Delhi Capitals ,Rajasthan Royals,Rajasthan Royals,field,Delhi Capitals ,runs,4,N,D/L,VK Sharma,CK Nandan
1136593,Kolkata,SP Narine,Eden Gardens,0,Kolkata Knight Riders,Chennai Super Kings,Kolkata Knight Riders,field,Kolkata Knight Riders,wickets,6,N,NA,HDPK Dharmasena,A Deshmukh
1136594,Indore,SA Yadav,Holkar Cricket Stadium,0,Kings XI Punjab,Mumbai Indians,Mumbai Indians,field,Mumbai Indians,wickets,6,N,NA,AY Dandekar,S Ravi
1136595,Pune,RA Jadeja,Maharashtra Cricket Association Stadium,0,Chennai Super Kings,Royal Challengers Bangalore,Chennai Super Kings,field,Chennai Super Kings,wickets,6,N,NA,Nitin Menon,YC Barde
1136596,Hyderabad,Rashid Khan,"Rajiv Gandhi International Stadium, Uppal",0,Sunrisers Hyderabad,Delhi Capitals ,Delhi Capitals ,bat,Sunrisers Hyderabad,wickets,7,N,NA,BNJ Oxenford,CK Nandan
1136597,Mumbai,HH Pandya,Wankhede Stadium,0,Mumbai Indians,Kolkata Knight Riders,Kolkata Knight Riders,field,Mumbai Indians,runs,13,N,NA,HDPK Dharmasena,A Deshmukh
1136598,Indore,Mujeeb Ur Rahman,Holkar Cricket Stadium,0,Kings XI Punjab,Rajasthan Royals,Kings XI Punjab,field,Kings XI Punjab,wickets,6,N,NA,C Shamshuddin,S Ravi
1136599,Hyderabad,KS Williamson,"Rajiv Gandhi International Stadium, Uppal",0,Sunrisers Hyderabad,Royal Challengers Bangalore,Royal Challengers Bangalore,field,Sunrisers Hyderabad,runs,5,N,NA,BNJ Oxenford,VK Sharma
1136600,Jaipur,JC Buttler,Sawai Mansingh Stadium,0,Rajasthan Royals,Kings XI Punjab,Rajasthan Royals,bat,Rajasthan Royals,runs,15,N,NA,M Erasmus,Nitin Menon
1136601,Kolkata,Ishan Kishan,Eden Gardens,0,Kolkata Knight Riders,Mumbai Indians,Kolkata Knight Riders,field,Mumbai Indians,runs,102,N,NA,KN Ananthapadmanabhan,AK Chaudhary
1175368,Chandigarh,SM Curran,"Punjab Cricket Association IS Bindra Stadium, Mohali",0,Kings XI Punjab,Delhi Capitals,Delhi Capitals,field,Kings XI Punjab,runs,14,N,NA,CB Gaffaney,AK Chaudhary
1175369,Jaipur,S Gopal,Sawai Mansingh Stadium,0,Rajasthan Royals,Royal Challengers Bangalore,Rajasthan Royals,field,Rajasthan Royals,wickets,7,N,NA,AY Dandekar,M Erasmus
1175370,Mumbai,HH Pandya,Wankhede Stadium,0,Mumbai Indians,Chennai Super Kings,Chennai Super Kings,field,Mumbai Indians,runs,37,N,NA,RJ Tucker,BNJ Oxenford
1175371,Delhi,JM Bairstow,Feroz Shah Kotla,0,Delhi Capitals,Sunrisers Hyderabad,Sunrisers Hyderabad,field,Sunrisers Hyderabad,wickets,5,N,NA,KN Ananthapadmanabhan,C Shamshuddin
1175372,Bengaluru,AD Russell,M.Chinnaswamy Stadium,0,Royal Challengers Bangalore,Kolkata Knight Riders,Kolkata Knight Riders,field,Kolkata Knight Riders,wickets,5,N,NA,CB Gaffaney,AK Chaudhary
1178393,Chennai,Harbhajan Singh,"MA Chidambaram Stadium, Chepauk",0,Chennai Super Kings,Kings XI Punjab,Chennai Super Kings,bat,Chennai Super Kings,runs,22,N,NA,KN Ananthapadmanabhan,RJ Tucker
1178394,Hyderabad,AS Joseph,"Rajiv Gandhi International Stadium, Uppal",0,Sunrisers Hyderabad,Mumbai Indians,Sunrisers Hyderabad,field,Mumbai Indians,runs,40,N,NA,AY Dandekar,Nitin Menon
1178395,Bengaluru,K Rabada,M.Chinnaswamy Stadium,0,Royal Challengers Bangalore,Delhi Capitals,Delhi Capitals,field,Delhi Capitals,wickets,4,N,NA,YC Barde,S Ravi
1178396,Jaipur,HF Gurney,Sawai Mansingh Stadium,0,Rajasthan Royals,Kolkata Knight Riders,Kolkata Knight Riders,field,Kolkata Knight Riders,wickets,8,N,NA,CB Gaffaney,AK Chaudhary
1178397,Chandigarh,KL Rahul,"Punjab Cricket Association IS Bindra Stadium, Mohali",0,Kings XI Punjab,Sunrisers Hyderabad,Kings XI Punjab,field,Kings XI Punjab,wickets,6,N,NA,AY Dandekar,M Erasmus
1178398,Chennai,DL Chahar,"MA Chidambaram Stadium, Chepauk",0,Chennai Super Kings,Kolkata Knight Riders,Chennai Super Kings,field,Chennai Super Kings,wickets,7,N,NA,RJ Tucker,C Shamshuddin
1178425,Chennai,MS Dhoni,"MA Chidambaram Stadium, Chepauk",0,Chennai Super Kings,Delhi Capitals,Delhi Capitals,field,Chennai Super Kings,runs,80,N,NA,AY Dandekar,Nitin Menon
1178426,Mumbai,JJ Bumrah,Wankhede Stadium,0,Mumbai Indians,Sunrisers Hyderabad,Mumbai Indians,bat,Mumbai Indians,tie,NA,Y,NA,CK Nandan,S Ravi
1178427,Chandigarh,Shubman Gill,"Punjab Cricket Association IS Bindra Stadium, Mohali",0,Kings XI Punjab,Kolkata Knight Riders,Kolkata Knight Riders,field,Kolkata Knight Riders,wickets,7,N,NA,C Shamshuddin,BNJ Oxenford
1178428,Delhi,A Mishra,Feroz Shah Kotla,0,Delhi Capitals,Rajasthan Royals,Rajasthan Royals,bat,Delhi Capitals,wickets,5,N,NA,AY Dandekar,IJ Gould
1178429,Bengaluru,SO Hetmyer,M.Chinnaswamy Stadium,0,Royal Challengers Bangalore,Sunrisers Hyderabad,Royal Challengers Bangalore,field,Royal Challengers Bangalore,wickets,4,N,NA,NJ Llong,AK Chaudhary
1178430,Chandigarh,KL Rahul,"Punjab Cricket Association IS Bindra Stadium, Mohali",0,Kings XI Punjab,Chennai Super Kings,Kings XI Punjab,field,Kings XI Punjab,wickets,6,N,NA,KN Ananthapadmanabhan,C Shamshuddin
1178431,Mumbai,HH Pandya,Wankhede Stadium,0,Mumbai Indians,Kolkata Knight Riders,Mumbai Indians,field,Mumbai Indians,wickets,9,N,NA,A Nand Kishore,CK Nandan
1181764,Chennai,SA Yadav,"MA Chidambaram Stadium, Chepauk",0,Mumbai Indians,Chennai Super Kings,Chennai Super Kings,bat,Mumbai Indians,wickets,6,N,NA,NJ Llong,Nitin Menon
1181766,Visakhapatnam,RR Pant,Dr. Y.S. Rajasekhara Reddy ACA-VDCA Cricket Stadium,0,Delhi Capitals,Sunrisers Hyderabad,Delhi Capitals,field,Delhi Capitals,wickets,2,N,NA,BNJ Oxenford,S Ravi
